Date,Australia,Brazil,Canada,China,Europe,France,Germany,Hong Kong,Italy,India,Israel,Japan,Korea,Mexico,Netherlands,Poland,Russia,Singapore,South Africa,Spain,Sweden,Switzerland,Taiwan,Turkey,UK,USA
1982-01-29,11.14,0,9.7,0,9.24,0,9.76,31.91,0,0,0,23.25,0,0,6.8,0,0,33.2,0,0,11.09,9.06,0,0,9.28,9.2
1982-02-26,10.01,0,9.08,0,9.12,0,9.85,27.17,0,0,0,22.32,0,0,6.3,0,0,30.33,0,0,10.78,8.8,0,0,8.77,8.72
1982-03-31,9.5,0,8.52,0,8.97,0,10.13,24.11,0,0,0,21.24,0,0,6.72,0,0,28.73,0,0,9.97,8.79,0,0,8.92,8.53
1982-04-30,10.57,0,8.28,0,9.14,0,10.12,25.61,0,0,0,22.06,0,0,7.05,0,0,29.84,0,0,9.44,8.86,0,0,9.02,8.89
1982-05-31,10.4,0,8.25,0,9.07,0,9.55,27.51,0,0,0,22.1,0,0,6.9,0,0,29.59,0,0,10.08,8.81,0,0,9.26,8.61
1982-06-30,9.62,0,7.36,0,8.59,0,9.18,24.66,0,0,0,21.64,0,0,6.45,0,0,27.61,0,0,9.62,8.53,0,0,8.88,8.4
1982-07-30,9.59,0,7.48,0,8.66,0,9.19,22.79,0,0,0,20.73,0,0,6.49,0,0,25.04,0,0,10.73,8.54,0,0,9.01,8.06
1982-08-31,10.06,0,8.73,0,8.72,0,9.05,20.18,0,0,0,21.29,0,0,6.62,0,0,23.88,0,0,10.68,8.74,0,0,9.28,8.97
1982-09-30,10.39,0,8.58,0,9.07,0,9.59,17.25,0,0,0,20.83,0,0,6.47,0,0,24.43,0,0,11.53,8.76,0,0,9.81,9.07
1982-10-29,10.35,0,9.49,0,9.41,0,9.62,14.78,0,0,0,21.59,0,0,6.98,0,0,26.41,0,0,13.01,9.49,0,0,10.12,10.1
1982-11-30,9.8,0,9.79,0,9.51,0,9.82,12.91,0,0,0,23.08,0,0,6.82,0,0,26.45,0,0,15.23,9.84,0,0,10.12,10.36
1982-12-31,9.72,0,10.6,0,9.77,0,10.51,14.33,0,0,0,23.9,0,0,7.56,0,0,26.8,0,0,15.89,10.31,0,0,10.26,10.6
1983-01-31,10.73,0,10.86,0,10.12,0,10.35,16.23,0,0,0,23.28,0,0,7.7,0,0,28.38,0,0,18.29,10.59,0,0,10.72,11.06
1983-02-28,9.95,0,11.24,0,10.45,0,11.06,18.6,0,0,0,23.44,0,0,7.82,0,0,30.27,0,0,21.08,10.75,0,0,10.76,11.26
1983-03-31,10.37,0,11.62,0,10.84,0,12.49,17.66,0,0,0,24.72,0,0,8.89,0,0,30.1,0,0,20.42,10.64,0,0,10.91,11.6
1983-04-29,11.99,0,12.68,0,11.65,0,13.3,16.65,0,0,0,25.16,0,0,9.32,0,0,32.65,0,0,23.25,11.19,0,0,11.85,12.48
1983-05-31,12.46,0,13.11,0,11.44,0,12.1,14.88,0,0,0,25.65,0,0,9.13,0,0,31.98,0,0,23.59,11.01,0,0,11.84,12.22
1983-06-30,12.04,0,13.49,0,11.79,0,12.66,15.96,0,0,0,26.21,0,0,10.02,0,0,33.29,0,0,21.34,11.51,0,0,12.45,12.68
1983-07-29,13.45,0,13.32,0,11.82,0,13.08,17.48,0,0,0,26.52,0,0,10.26,0,0,31.84,0,0,24.31,11.96,0,0,11.88,12.13
1983-08-31,13.91,0,13.5,0,11.69,0,12.23,15.75,0,0,0,26.85,0,0,10.3,0,0,32.47,0,0,25.16,11.71,0,0,11.96,12.27
1983-09-30,14.15,0,13.62,0,11.76,0,12.57,12.41,0,0,0,27.58,0,0,9.92,0,0,31.69,0,0,23.17,11.71,0,0,11.86,12.43
1983-10-31,13.69,0,12.91,0,11.8,0,13.7,14.03,0,0,0,27.25,0,0,9.47,0,0,30.75,0,0,22.09,12.39,0,0,11.63,12.24
1983-11-30,14.65,0,14.11,0,12.3,0,14.01,12.98,0,0,0,27.27,0,0,9.92,0,0,30.7,0,0,23.4,12.9,0,0,12.24,12.41
1983-12-30,14.96,0,14.08,0,12.51,0,14.19,13.36,0,0,0,29.15,0,0,10.71,0,0,32.95,0,0,22.31,13.67,0,0,12.43,12.34
1984-01-31,14.5,0,13.28,0,13.45,0,14.61,17.13,0,0,0,30.78,0,0,12.16,0,0,33.73,0,0,24.15,13.59,0,0,13.29,12.12
1984-02-29,13.65,0,13.14,0,12.89,0,13.91,16.14,0,0,0,30.29,0,0,11.29,0,0,32.04,0,0,22.12,12.76,0,0,12.95,11.49
1984-03-30,14.01,0,13.06,0,13.11,0,13.92,15.53,0,0,0,34.2,0,0,10.94,0,0,29.4,0,0,22.05,12.6,0,0,13.6,11.64
1984-04-30,14.6,0,12.95,0,13.37,0,13.94,14.86,0,0,0,33.96,0,0,10.96,0,0,29.07,0,0,20.5,13.11,0,0,13.86,11.63
1984-05-31,12.37,0,12.52,0,12.39,0,12.89,13.25,0,0,0,30.61,0,0,10.45,0,0,27.37,0,0,18.64,12.73,0,0,12.56,10.93
1984-06-29,12.49,0,12.62,0,12.52,0,13.16,13.08,0,0,0,31.21,0,0,10.66,0,0,26.02,0,0,18.72,12.95,0,0,12.85,11.18
1984-07-31,13.07,0,11.99,0,12.04,0,12.3,11.42,0,0,0,29.6,0,0,10,0,0,26.78,0,0,19.95,12.86,0,0,12.25,10.9
1984-08-31,14.06,0,13.74,0,12.87,0,13.05,13.38,0,0,0,31.64,0,0,11.34,0,0,26.65,0,0,19.61,13.51,0,0,13.5,12.03
1984-09-28,14,0,13.8,0,13.35,0,14.05,14.32,0,0,0,31.95,0,0,11.89,0,0,25.41,0,0,18.01,13.62,0,0,13.84,12.04
1984-10-31,14.2,0,13.57,0,13.56,0,14.51,14.53,0,0,0,33.44,0,0,11.75,0,0,24.04,0,0,17.48,13.8,0,0,14.05,12.03
1984-11-30,13.84,0,13.61,0,13.63,0,14.6,15.69,0,0,0,33.53,0,0,11.47,0,0,23.06,0,0,16.21,13.75,0,0,14.38,11.81
1984-12-31,13.29,0,13.79,0,14.02,0,14.8,16.63,0,0,0,35.03,0,0,11.68,0,0,23.35,0,0,16.05,13.99,0,0,15.08,12.06
1985-01-31,14.36,0,14.62,0,14.91,0,15.43,19.08,0,0,0,34.9,0,0,12.67,0,0,24.2,0,0,17.33,14.92,0,0,15.81,12.93
1985-02-28,14.53,0,14.54,0,14.78,0,15.61,19.01,0,0,0,36.2,0,0,13.17,0,0,24.12,0,0,16.28,14.1,0,0,15.39,13.02
1985-03-29,14.97,0,14.52,0,14.61,0,15.72,19.01,0,0,0,37.27,0,0,12.43,0,0,22.85,0,0,15.13,13.66,0,0,15.19,12.95
1985-04-30,16.21,0,14.68,0,14.82,0,16.3,19.65,0,0,0,35.95,0,0,12.84,0,0,21.96,0,0,15.3,14.15,0,0,15.17,12.77
1985-05-31,15.99,0,15.22,0,15.06,0,16.99,20.6,0,0,0,37.04,0,0,12.26,0,0,22.85,0,0,14.68,14.72,0,0,15.23,13.52
1985-06-28,15.6,0,15.02,0,14.8,0,18.06,20.49,0,0,0,38.02,0,0,12.31,0,0,21.91,0,0,14.17,15.81,0,0,14.21,13.75
1985-07-31,16.75,0,15.13,0,14.75,0,17.06,21.47,0,0,0,35.5,0,0,12.3,0,0,21.29,0,0,14.98,16.16,0,0,14.32,13.41
1985-08-30,16.54,0,15.4,0,15.46,0,18.69,21.11,0,0,0,36.17,0,0,12.21,0,0,20.26,0,0,15.07,17.07,0,0,15.4,13.27
1985-09-30,17.22,0,14.49,0,15.38,0,20.09,19.1,0,0,0,35.96,0,0,11.55,0,0,21.24,0,0,14.91,16.22,0,0,14.71,12.82
1985-10-31,17.64,0,14.69,0,16.64,0,22.49,20.85,0,0,0,36.43,0,0,11.84,0,0,21.26,0,0,15.69,18.08,0,0,15.85,13.34
1985-11-29,16.6,0,15.73,0,17.24,0,21.97,21.45,0,0,0,34.9,0,0,12.28,0,0,19.28,0,0,17.28,19.49,0,0,16.45,14.18
1985-12-31,16.75,0,15.98,0,17.88,0,24.57,21.86,0,0,0,36.5,0,0,12.58,0,0,17.14,0,0,18.43,21.28,0,0,16.21,14.82
1986-01-31,17.92,0,15.11,0,18.02,0,24.77,21.38,0,0,0,35.54,0,0,12.18,0,0,16.95,0,0,18.35,20.18,0,0,16.45,14.68
1986-02-28,16.91,0,15.23,0,18.78,0,24.08,21.35,0,0,0,36.74,0,0,11.85,0,0,17.41,0,0,18.87,18.67,0,0,17.64,15.68
1986-03-31,17.83,0,16.01,0,20.39,0,25.85,20.47,0,0,0,43.99,0,0,12.68,0,0,15.72,0,0,20.75,19.69,0,0,18.52,16.55
1986-04-30,19.02,0,16.21,0,20.75,0,27.24,21.91,0,0,0,43.02,0,0,12.53,0,0,14.99,0,0,22.08,19.72,0,0,18.38,16.34
1986-05-30,19.48,0,16.45,0,19.81,0,23.46,21.37,0,0,0,44.31,0,0,13.15,0,0,17.17,0,0,22.96,19.62,0,0,17.76,17.19
1986-06-30,18.2,0,16.34,0,19.46,0,23.09,20.49,0,0,0,45.82,0,0,13.06,0,0,19.93,0,0,23.41,19.53,0,0,18.23,17.43
1986-07-31,17.19,0,15.23,0,18.71,0,21.51,21.71,0,0,0,48.45,0,0,12.46,0,0,19.87,0,0,23.95,18.06,0,0,16.85,16.23
1986-08-29,17.82,0,16.13,0,20.33,0,24.78,22.04,0,0,0,53.05,0,0,13.58,0,0,22.24,0,0,24.67,20.04,0,0,17.95,17.41
1986-09-30,18.41,0,15.91,0,19.22,0,23.38,23.6,0,0,0,53.65,0,0,13,0,0,21.95,0,0,23.68,19.17,0,0,16.81,15.92
1986-10-31,19.94,0,16.31,0,19.77,0,23.62,26.39,0,0,0,49.59,0,0,12.85,0,0,27.23,0,0,25.07,20.17,0,0,17.52,16.71
1986-11-28,19.6,0,16.29,0,19.95,0,24.8,26.84,0,0,0,51.98,0,0,13.14,0,0,25.07,0,0,23.62,20.89,0,0,17.57,17.02
1986-12-31,20.78,0,16.52,0,20.05,0,24.14,28.2,0,0,0,54.68,0,0,13.04,0,0,25.95,0,0,23.5,20.97,0,0,17.93,16.55
1987-01-30,20.85,0,17.85,0,20.16,0,21.25,28.36,0,0,0,60.44,0,0,12.88,0,0,28.01,0,0,20.53,20.24,0,0,19.39,18.52
1987-02-27,22.37,0,18.5,0,20.49,0,20.06,31.57,0,0,0,61.32,0,0,12.92,0,0,31.37,0,0,22.5,19.21,0,0,20.92,19.05
1987-03-31,22.98,0,19.71,0,20.53,0,20.38,29.31,0,0,0,65,0,0,13.8,0,0,29.81,0,0,22.32,19.05,0,0,20.54,19.49
1987-04-30,24,0,19.72,0,20.78,0,20.51,26.99,0,0,0,72.01,0,0,13.68,0,0,31.71,0,0,23.8,18.53,0,0,20.97,19.15
1987-05-29,24.19,0,20.09,0,20.78,0,19.5,29.96,0,0,0,72.95,0,0,14.38,0,0,34.93,0,0,22.42,18.31,0,0,22.38,19.16
1987-06-30,24.05,0,20.6,0,21.24,0,21.03,32.35,0,0,0,68.71,0,0,15.47,0,0,35.75,0,0,22.96,19.6,0,0,23.06,20.17
1987-07-31,27.43,0,21.82,0,22.15,0,21.79,34.83,0,0,0,67.44,0,0,16.29,0,0,39.5,0,0,24.85,21.27,0,0,23.72,20.95
1987-08-31,29.12,0,21.91,0,21.61,0,22.41,35.51,0,0,0,72.16,0,0,15.77,0,0,39.26,0,0,25.66,21.24,0,0,22.63,21.72
1987-09-30,29.51,0,21.4,0,22.01,0,21.91,37.19,0,0,0,70.8,0,0,15.36,0,0,38.4,0,0,25.94,22,0,0,23.76,21.18
1987-10-30,17.05,0,16.69,0,16.81,0,17,20.96,0,0,0,62.19,0,0,11.86,0,0,22.55,0,0,20.42,16.89,0,0,17.48,16.49
1987-11-30,17.47,0,15.6,0,15.03,0,14.57,19.85,0,0,0,61.6,0,0,10.31,0,0,22.01,0,0,17.05,15.01,0,0,15.45,15.02
1987-12-31,17.57,0,16.61,0,15.37,0,14.13,21.18,0,0,0,57.08,0,0,10.72,0,0,23.12,0,0,17.35,14.56,0,0,16.93,16
1988-01-29,16.72,0,15.65,0,15.67,0,13.17,21.56,0,0,0,62.2,0,0,11.12,0,0,24.82,0,0,19.49,14.7,0,0,17.75,16.39
1988-02-29,16.33,0,16.27,0,16.57,0,15.45,21.85,0,0,0,67.25,0,0,11.66,0,0,24.25,0,0,19.54,15.79,0,0,17.44,17
1988-03-31,18.08,0,16.5,0,15.96,0,14.86,22.38,0,0,0,70.16,0,0,11.53,0,0,24.57,0,0,19.64,14.59,0,0,16.7,16.43
1988-04-29,18.81,0,16.67,0,16.21,0,14.86,21.97,0,0,0,70.74,0,0,11.84,0,0,25.73,0,0,20.04,14.81,0,0,17.02,16.32
1988-05-31,20.23,0,16.49,0,16.06,0,14.78,21.07,0,0,0,67.08,0,0,11.46,0,0,26.65,0,0,20.49,14.74,0,0,16.63,16.31
1988-06-30,19.61,0,17.46,0,16.7,0,15.71,22.62,0,0,0,68.69,0,0,12.18,0,0,29.67,0,0,20.25,15.71,0,0,17.03,17.09
1988-07-29,20.29,0,16.72,0,16.77,0,15.89,22.71,0,0,0,70.31,0,0,12.88,0,0,30.44,0,0,20.98,15.91,0,0,16.8,16.62
1988-08-31,19.64,0,16.47,0,16.02,0,16.08,19.97,0,0,0,66.82,0,0,12.2,0,0,27.56,0,0,20.33,15.9,0,0,15.92,15.98
1988-09-30,18.71,0,16.44,0,16.87,0,17.32,19.64,0,0,0,67.65,0,0,12.35,0,0,27.47,0,0,20.81,16.44,0,0,16.36,16.62
1988-10-31,18.93,0,16.88,0,17.39,0,18.12,20.99,0,0,0,68.52,0,0,12.48,0,0,27.98,0,0,21.58,16.99,0,0,16.67,16.9
1988-11-30,17.01,0,15.86,0,16.9,0,17.69,21.39,0,0,0,72.07,0,0,12.18,0,0,27.07,0,0,21.19,16.98,0,0,15.86,16.51
1988-12-30,17.2,0,16.28,0,17.24,0,18.22,21.31,0,0,0,73.68,0,0,12.71,0,0,28.17,0,0,22.53,17.55,0,0,15.86,16.71
1989-01-31,17.91,0,17.12,0,18.6,0,18.3,24.15,0,0,0,75.77,0,0,13.49,0,0,30.31,0,26.3,24.08,18.07,0,0,17.98,17.65
1989-02-28,16.49,0,16.67,0,18.03,0,17.73,23.42,0,0,0,75.49,0,0,13.05,0,0,30.2,0,24.48,23.87,17.73,0,0,17.36,17.04
1989-03-31,15.82,0,16.57,0,18.29,0,17.71,22.23,0,0,0,76.35,0,0,13.61,0,0,30.69,0,25.39,24.21,17.69,0,0,17.54,17.36
1989-04-28,16.56,0,16.86,0,18.51,0,18.54,22.49,0,0,0,75.71,0,0,14.03,0,0,31.81,0,27.05,23.99,18.33,0,0,17.61,18.03
1989-05-31,16.99,0,17.65,0,18.35,0,18.35,19.55,0,0,0,75.19,0,0,14.08,0,0,32.43,0,27.58,24.22,17.53,0,0,17.38,18.56
1989-06-30,16.96,0,17.83,0,18.68,0,19.41,15.91,0,0,0,70.24,0,0,14.31,0,0,32.66,0,26.64,25.09,19.54,0,0,17.36,18.42
1989-07-31,18.24,0,18.64,0,19.59,0,20,17.85,0,0,0,74.78,0,0,14.95,0,0,34.3,0,25.88,26.71,21.17,0,0,18.38,19.69
1989-08-31,19.46,0,19.23,0,20.07,0,21,16.56,0,0,0,73.28,0,0,15.14,0,0,33.09,0,26.38,27.65,22.22,0,0,18.87,19.92
1989-09-29,18.59,0,18.97,0,19.72,0,20.97,18.27,0,0,0,74.69,0,0,14.86,0,0,33.44,0,27.09,25.82,21.32,0,0,18.09,19.87
1989-10-31,17.8,0,18.79,0,18.29,0,19.65,18.03,0,0,0,74.48,0,0,14.11,0,0,31.78,0,25.02,23.94,19.93,0,0,16.65,19.39
1989-11-30,16.97,0,18.48,0,18.98,0,21.06,18,0,0,0,77.25,0,0,14.62,0,0,32.94,0,23.99,23.04,20.86,0,0,17.48,19.59
1989-12-29,17.73,0,18.88,0,20.12,0,23.47,17.95,0,0,0,77.5,0,0,15.11,0,0,34.66,0,23.04,24.91,20.74,0,0,18.61,19.94
1990-01-31,18,0,17.34,0,19.59,0,24.07,17.35,0,0,0,72.02,0,0,14.35,0,0,34.55,0,21.54,24.27,20.02,0,0,17.75,18.45
1990-02-28,16.63,0,17.35,0,19.05,0,23.69,18.42,0,0,0,66.33,0,0,13.77,0,0,35.23,0,20.24,22.12,19.77,0,0,17.12,18.52
1990-03-30,15.77,0,17.16,0,19.13,0,25.42,17.89,0,0,0,56.57,0,0,14.18,0,0,33.63,0,18.39,20.77,18.11,0,0,16.75,18.83
1990-04-27,15.77,0,17.3,0,18.94,0,25.51,17.29,0,0,0,56.2,0,0,14.08,0,0,33.24,0,18.8,20.24,18.04,0,0,16.5,18.6
1990-05-31,15.92,0,17.79,0,19.37,0,23.34,18.16,0,0,0,62.06,0,0,14.12,0,0,33.33,0,20.71,22.64,19.37,0,0,16.9,19.88
1990-06-29,16.01,0,17.62,0,19.35,0,24,18.75,0,0,0,57.29,0,0,14.07,0,0,33.32,0,21.27,23.27,19.49,0,0,16.92,19.79
1990-07-31,16.72,0,17.68,0,18.95,0,24.09,19.53,0,0,0,54.42,0,0,14.14,0,0,34.89,0,20.66,23.23,18.88,0,0,16.35,19.41
1990-08-31,16,0,17.32,0,16.71,0,20.5,16.73,0,0,0,48.06,0,0,12.7,0,0,28.58,0,17.53,20.01,16.29,0,0,15.14,17.58
1990-09-28,14.63,0,16.48,0,14.7,0,16.7,14.61,0,0,0,38.21,0,0,11.94,0,0,23.83,0,14.35,15.39,14.15,0,0,13.75,16.59
1990-10-31,14.29,0,16.1,0,15.38,0,18.39,15.81,0,0,0,44.72,0,0,12.27,0,0,24.6,0,15.72,15.66,14.79,0,0,14.21,16.34
1990-11-30,14.37,0,16.09,0,15.32,0,18.42,15.72,0,0,0,40.02,0,0,12.39,0,0,23.65,0,14.96,14.09,14.44,0,0,14.75,17.19
1990-12-28,14.37,0,16.13,0,15.25,0,18.09,15.47,0,0,0,39.75,0,0,12.36,0,0,23.66,0,14.68,14,14.41,0,0,14.76,17.14
1991-01-31,14.1,0,16.3,0,15.39,0,17.76,16.72,0,0,0,42.04,0,0,12.12,0,0,25.89,0,15.04,16.31,15.11,0,0,14.94,18.25
1991-02-28,14.82,0,17.02,0,17.07,0,19.4,18.12,0,0,0,47.34,0,0,13.37,0,0,29.25,0,16.71,17.41,16.74,0,0,16.44,19.54
1991-03-28,14.24,0,17,0,16.69,0,18.95,17.28,0,0,0,47.32,0,0,13.07,0,0,28.48,0,16.72,16.69,15.71,0,0,16.07,19.47
1991-04-30,16.1,0,17.25,0,17.29,0,19.4,17.44,0,0,0,46.65,0,0,14.36,0,0,29.32,0,18,17.02,16.82,0,0,16.77,19.94
1991-05-31,16.29,0,18.51,0,17.6,0,20.18,17.77,0,0,0,47.05,0,0,14.52,0,0,29.79,0,18.64,17.87,17.45,0,0,16.73,20.78
1991-06-28,16.03,0,18.07,0,16.8,0,19.23,17.66,0,0,0,42.65,0,0,14.26,0,0,28.95,0,17.52,18.27,16.6,0,0,15.97,19.75
1991-07-31,16.94,0,18.44,0,17.07,0,18.61,19.23,0,0,0,43.88,0,0,14.55,0,0,28.68,0,16.54,18.32,17.14,0,0,16.95,20.5
1991-08-30,16.57,0,19.13,0,17.16,0,18.79,18.53,0,0,0,41.12,0,0,13.89,0,0,26.78,0,16.42,18.17,17.18,0,0,17.4,20.99
1991-09-30,16.78,0,18.57,0,16.94,0,18.3,17.95,0,0,0,43.06,0,0,13.46,0,0,25.68,0,17.05,16.81,16.42,0,0,17.29,20.54
1991-10-31,18.62,0,19.45,0,16.67,0,18.16,18.25,0,0,0,44.65,0,0,13.7,0,0,26.21,0,16.33,16.38,16.56,0,0,16.96,20.82
1991-11-29,17.43,0,18.67,0,15.83,0,17.91,18.67,0,0,0,40.79,0,0,13.67,0,0,26.42,0,14.73,14.91,16.11,0,0,15.82,19.88
1991-12-30,17.43,0,18.75,0,15.66,0,17.55,18.45,0,0,0,40.34,0,0,13.6,0,0,26.4,0,14.46,14.79,16.07,0,0,15.74,19.79
1992-01-31,17.44,0,19.26,0,16.65,0,18.69,20.77,0,0,0,38.1,0,0,14.32,0,0,28.07,0,15.04,15.14,17.53,0,0,16.52,21.63
1992-02-28,17.06,0,19.57,0,16.94,0,19.47,22.07,0,0,0,36.12,0,0,14.5,0,0,28,0,15.39,14.96,18.24,0,0,16.6,22.04
1992-03-31,16.3,0,18.66,0,16.19,0,18.73,20.88,0,0,0,33.17,0,0,14.25,0,0,26.39,0,14.8,15.54,17.08,0,0,15.58,21.59
1992-04-30,17.46,0,18.49,0,17,0,18.77,22.37,0,0,0,30.94,0,0,14.67,0,0,26.59,0,14.68,15.89,17.6,0,0,17.09,21.88
1992-05-29,18.29,0,19.34,0,17.23,0,18.87,25.33,0,0,0,32.18,0,0,14.8,0,0,26.88,0,15.44,16.09,17.91,0,0,17.36,22.01
1992-06-30,17.62,0,19.49,0,15.99,0,18.26,25.46,0,0,0,28.51,0,0,14.18,0,0,26.25,0,13.6,14.94,17.44,0,0,15.84,21.6
1992-07-31,17.44,0,19.54,0,14.89,0,16.29,24.12,0,0,0,28.35,0,0,13.73,0,0,26.29,0,11.96,14.07,16.85,0,0,14.97,22.24
1992-08-28,17.29,0,19.88,0,14.83,0,16.42,23.35,0,0,0,28.44,0,0,13.3,0,0,25.93,0,11.7,14.19,16.88,0,0,14.95,22.18
1992-09-30,15.95,0,19.01,0,14.68,0,15.03,21.83,0,0,0,30.73,0,0,13.2,0,0,24.98,0,10.46,11.61,17.39,0,0,15.8,21.75
1992-10-30,15.8,0,19.11,0,15.13,0,15.38,24.38,0,0,0,30.19,0,0,13.02,0,0,25.96,0,10.8,11.49,17.56,0,0,16.5,21.65
1992-11-30,15.93,0,18.22,0,15.75,0,15.81,22.51,0,0,0,31.43,0,0,13.53,0,0,26.9,0,11.88,15.22,17.77,0,0,17.28,22.19
1992-12-30,15.93,0,18.21,0,15.65,0,15.53,22.36,0,0,0,31.21,0,0,13.48,0,0,26.74,0,11.69,15.27,17.76,0,0,17.28,22.13
1993-01-29,16.69,0,17.8,0,16.19,0,15.86,21.84,0,0,0,30.52,0,0,13.99,0,0,27.17,0,12.68,14.97,19.42,0,0,17.72,22.51
1993-02-26,17.19,0,18.51,0,16.9,0,17.03,23.65,0,0,0,30.26,0,0,14.68,0,0,27.46,0,12.75,16.24,19.71,0,0,18.34,22.92
1993-03-31,17.04,0,19.22,0,17,0,16.9,22.24,0,0,0,33.54,0,0,15.27,0,0,26.72,0,13.5,15.98,19.49,0,0,18.31,23.27
1993-04-28,17.16,0,19.25,0,17,0,16.85,22.16,15.39,0,0,33.36,0,0,15.06,0,0,26.21,0,13.69,16.49,19.51,0,0,18.31,22.97
1993-05-28,17.82,0,21.34,0,17.07,0,16.24,25.42,18.46,0,0,38.4,0,0,15.07,0,0,28.24,0,14.66,20.09,20.11,0,0,18.24,22.9
1993-06-30,17.45,0,21.22,0,17.47,0,16.77,24.32,18.33,0,0,37.18,0,0,15.93,0,0,27.42,0,14.66,20.63,21.08,0,0,18.41,22.89
1993-07-30,18.58,0,21.33,0,17.94,0,17.44,23.76,19.37,0,0,39.16,0,0,16.49,0,0,27.61,0,15,22.79,21.34,0,0,18.56,22.55
1993-08-31,19.71,0,22.38,0,18.98,0,18.75,24.49,21.26,0,0,39.82,0,0,17.04,0,0,30.38,0,16.78,24.48,22.02,0,0,19.61,23.34
1993-09-30,19.92,0,21.18,0,18.54,0,18.5,24.41,19.33,0,0,38.41,0,0,16.57,0,0,30.94,0,15.98,24.56,21.78,0,0,19.14,22.98
1993-10-29,21.98,0,22.81,0,19.68,0,20.27,29.78,19.25,0,0,39.32,0,0,18.03,0,0,32.57,0,17.16,27.01,23.77,0,0,19.99,23.14
1993-11-30,20.42,0,21.87,0,19.39,0,20.2,29.06,17.88,0,0,33.3,0,0,18.15,0,0,32.23,0,16.26,23.93,24.24,0,0,19.99,22.89
1993-12-30,20.44,0,21.97,0,19.32,0,19.92,28.93,17.92,0,0,33.19,0,0,18.14,0,0,32.07,0,16.11,23.89,24.49,0,0,20.01,22.87
1994-01-31,23.02,0,24.55,0,21.66,0,20.87,35.16,22.21,0,0,39.58,0,0,20.29,0,0,37.96,0,19.48,28.95,28.5,0,0,22.04,23.94
1994-02-28,21.37,0,23.79,0,20.8,0,20.22,31.39,22.52,0,0,39.7,0,0,19.4,0,0,37.33,0,18.02,27.79,26.4,0,0,21.23,23.29
1994-03-30,20.85,0,24.26,0,20.62,0,19.98,29.35,22.45,0,0,39.64,0,0,19.43,0,0,36.32,0,18.36,27.49,25.23,0,0,21.01,23.16
1994-04-28,19.74,0,23.34,0,19.75,0,20.35,25.84,24.8,0,0,37.27,0,0,18.04,0,0,31.54,0,17.04,25.42,24.53,0,0,19.48,21.97
1994-05-31,20.38,0,24.13,0,19.48,0,20.52,27.14,26.06,0,0,41.69,0,0,18.16,0,0,33.57,0,18.87,27.23,23.56,0,0,18.58,22.53
1994-06-30,19.25,0,22.55,0,18.48,0,20.05,24.71,23.62,0,0,41.25,0,0,17.32,0,0,32.63,0,15.46,25.99,22.75,0,0,18.01,21.82
1994-07-29,20.05,0,23.57,0,19.32,0,20.63,26.67,24.84,0,0,40.56,0,0,18.31,0,0,33.08,0,15.92,27.81,22.22,0,0,18.93,22.27
1994-08-31,20.71,0,25.02,0,19.75,0,21.36,26.98,23.94,0,0,40.9,0,0,18.45,0,0,33.63,0,15.89,26.4,22.9,0,0,19.93,23.02
1994-09-30,19.74,0,24.62,0,18.46,0,19.69,25.15,23.05,0,0,39.61,0,0,17.53,0,0,34.21,0,15.18,25.91,21.91,0,0,18.34,22.36
1994-10-28,20.15,0,24.62,0,18.46,0,19.84,25.07,23.23,0,0,39.65,0,0,17.49,0,0,34.15,0,15.08,25.79,21.82,0,0,18.38,22.15
1994-11-30,18.83,0,22.53,0,18.73,0,20.14,21.99,20.99,0,0,38.98,0,0,18.36,0,0,33.03,0,15.3,26.27,22.31,0,0,18.58,21.61
1994-12-29,18.85,0,22.57,0,18.68,0,19.86,21.82,21.1,0,0,38.82,0,0,18.36,0,0,32.9,0,15.16,26.28,22.48,0,0,18.58,21.6
1995-01-30,18.64,0,23.38,0,18.56,0,20.34,20.98,21.62,0,0,39.58,0,0,18.52,0,0,33.03,0,14.18,25.2,22.77,0,0,18.29,21.87
1995-02-28,18.65,0,22.69,0,18.27,0,20.72,21.07,22.44,0,0,34.57,0,0,17.8,0,0,31.31,0,13.77,25.39,23.07,0,0,17.83,22.97
1995-03-31,18.2,0,24.41,0,18.01,0,18.57,20.48,21.56,0,0,33.82,0,0,17.32,0,0,30.19,0,13.43,24.06,21.38,0,0,18.4,23.45
1995-04-28,19.46,0,23.53,0,18.67,0,19.34,19.58,22.93,0,0,34.61,0,0,17.81,0,0,29.28,0,14.08,25.73,22.03,0,0,18.71,23.8
1995-05-31,19.19,0,25.05,0,19.38,0,20.59,21.74,23.91,0,0,33.79,0,0,18.42,0,0,30.78,0,15.77,26.23,23.09,0,0,19.22,24.47
1995-06-30,18.94,0,25.66,0,19.02,0,20.94,21.25,21.73,0,0,32.51,0,0,18.21,0,0,29.28,0,14.26,27.69,23.35,0,0,18.92,25
1995-07-31,19.75,0,25.81,0,19.65,0,21.71,21.68,22.41,0,0,36.58,0,0,19.13,0,0,29.86,0,14.68,28.61,23.34,0,0,19.67,25.42
1995-08-31,19.64,0,25.5,0,19.62,0,21.92,20.1,22.02,0,0,39.33,0,0,18.61,0,0,28.21,0,15.11,27.26,23.83,0,0,19.68,25.21
1995-09-29,19.61,0,25.11,0,19.58,0,21.44,20.84,20.86,0,0,40.43,0,0,18.85,0,0,27.6,0,14.97,30.14,24.66,0,0,19.65,26.23
1995-10-31,19.3,0,24.77,0,19.38,0,21.09,20.78,19.8,0,0,39.6,0,0,18.4,0,0,27.3,0,14.28,27.62,25.32,0,0,19.66,25.81
1995-11-30,19.77,0,24.71,0,19.84,0,21.68,20.57,18.44,0,0,41.9,0,0,19.66,0,0,27.68,0,15.15,26.34,26.44,0,0,20.35,26.56
1995-12-28,19.83,0,24.85,0,19.81,0,21.6,20.54,18.4,0,0,41.73,0,0,19.61,0,0,27.63,0,15.03,26.31,26.62,0,0,20.36,26.57
1996-01-31,20.37,0,26.8,0,20.9,0,23.83,23.99,21.13,0,0,45.5,0,0,21.1,0,0,31.43,0,16.03,26.29,26.86,0,0,20.78,27.8
1996-02-29,20.17,0,26.24,0,20.97,0,24.07,23.5,21.17,0,0,44.18,0,0,21,0,0,31.55,0,16.66,27.8,28.54,0,0,20.52,27.62
1996-03-29,19.36,0,27.24,0,21.14,0,23.57,22.46,20.66,0,0,46.46,0,0,21.59,0,0,29.73,0,16.71,27.19,29.72,0,0,20.25,27.82
1996-04-26,19.45,0,26.55,0,21.06,0,23.33,22.14,20.43,0,0,46.48,0,0,21.18,0,0,28.92,0,16.59,27.04,29.51,0,0,20.08,27.41
1996-05-30,20.27,0,28.21,0,21.92,0,24.96,21.82,24.23,0,0,49.75,0,0,21.9,0,0,28.67,0,18.88,27.27,29.03,0,0,20.63,27.49
1996-06-28,19.2,0,27.77,0,21.58,0,25.73,22.01,22.64,0,0,50.19,0,0,22.72,0,0,26.86,0,17.8,28.36,29.52,0,0,19.75,28.27
1996-07-31,18.64,0,26.99,0,20.75,0,24.59,20.98,20.51,0,0,46.63,0,0,21.56,0,0,24.86,0,16.3,27.13,27.5,0,0,19.66,26.54
1996-08-30,19.27,0,28.17,0,21.2,0,25.28,20.71,20.08,0,0,45.2,0,0,21.29,0,0,24.56,0,16.72,27.7,28.36,0,0,20.36,26.96
1996-09-30,19.49,0,28.69,0,22.01,0,25.94,21.95,20.97,0,0,48.62,0,0,22.56,0,0,24.13,0,17.71,29.61,28.91,0,0,20.68,28.36
1996-10-31,20.72,0,30.35,0,22.13,0,26.09,22.75,19.83,0,0,46.56,0,0,23.02,0,0,23.23,0,17.98,30.3,28.82,0,0,20.84,28.59
1996-11-29,20.58,0,31.14,0,23.12,0,27.43,24.33,21.44,0,0,47.76,0,0,24.97,0,0,23.84,0,19.44,31.08,29.94,0,0,21.2,30.37
1996-12-30,20.63,0,31.26,0,23.11,0,27.36,24.31,21.5,0,0,47.5,0,0,24.94,0,0,23.82,0,19.36,31.11,30.2,0,0,21.18,30.34
1997-01-31,20.71,0,31.27,0,24.85,0,29.04,23.6,25.4,0,0,42.04,0,0,26.82,0,0,24.67,0,22.26,34.3,33.3,0,0,22.02,31.49
1997-02-28,20.7,0,31.27,0,25.47,0,31.3,23.49,24.74,0,0,42.82,0,0,28.51,0,0,24.71,0,21.96,35.36,35.43,0,0,22.01,31.24
1997-03-26,20.5,0,31.86,0,25.4,0,30.68,22.65,24.93,0,0,42.65,0,0,28.25,0,0,23.98,0,22.34,34.39,34.28,0,0,21.85,31.15
1997-04-28,20.29,0,30.01,0,25.88,0,31.96,20.91,24.81,0,0,42.37,0,0,28.09,0,0,21.81,0,22.93,35.91,37.62,0,0,21.81,29.4
1997-05-30,21.83,0,33.13,0,27.27,0,34.01,23.64,26.27,0,0,45.54,0,0,30.02,0,0,21.46,0,28.45,35.96,39.92,0,0,23.14,32.72
1997-06-27,21.56,0,33.06,0,26.8,0,33.94,23.6,25.24,0,0,46.11,0,0,29.68,0,0,21.86,0,26,36.07,39.72,0,0,22.86,32.64
1997-07-31,22.79,0,35.5,0,30.55,0,41.35,26.39,30.72,0,0,48.27,0,0,37.23,0,0,21.45,0,27.57,42.05,46.33,0,0,23.85,36.04
1997-08-29,21.51,0,33.78,0,28.1,0,36.07,21.84,29.15,0,0,44.61,0,0,31.67,0,0,19.55,0,26.62,36.76,39.84,0,0,23.22,33.71
1997-09-30,23.21,0,35.08,0,30.25,0,37.55,23.04,31.59,0,0,44.51,0,0,33.67,0,0,20.26,0,30.03,40.31,42.48,0,0,25.15,35.29
1997-10-31,21.33,0,33.92,0,27.94,0,34.1,16.31,29.18,0,0,40.08,0,0,31.58,0,0,16.69,0,26.14,35.45,40.83,0,0,23.35,33.79
1997-11-28,21.08,0,32.67,0,28.6,0,35.98,15.89,30.68,0,0,40.09,0,0,32.04,0,0,18.37,0,27.9,35.5,42.89,0,0,23.19,35.02
1997-12-30,21.18,0,33.09,0,28.58,0,35.87,15.92,30.81,0,0,40.01,0,0,31.97,0,0,18.4,0,27.9,35.54,43.1,0,0,23.17,35.07
1998-01-27,22.43,0,33.74,0,30.05,0,38.05,16.13,33.96,0,0,38.61,0,0,33.26,0,0,17.98,0,28.99,35.05,46.49,0,0,24.37,35.47
1998-02-27,22.95,0,36.05,0,33.87,0,42.29,16.58,40.07,0,0,41.08,0,0,36.2,0,0,17.94,0,35.15,40.12,53.94,0,0,27.08,38.13
1998-03-31,23.36,0,39.56,0,36.31,0,44.86,15.9,49,0,0,40.32,0,0,37.71,0,0,17.93,0,41.13,42.48,53.88,0,0,27.86,40.01
1998-04-28,23.36,0,39,0,36.23,0,44.1,15.71,48.29,0,0,40.32,0,0,37.08,0,0,17.46,0,41.02,42.27,56.93,0,0,27.72,39.77
1998-05-29,23,0,39.64,0,36.97,0,48.48,11.95,49.33,0,0,42.05,0,0,38.37,0,0,13.77,0,43.51,44.18,55.05,0,0,27.11,38.95
1998-06-30,23.06,0,38.36,0,36.85,0,50.75,11.37,45.88,0,0,43.94,0,0,37.82,0,0,12.4,0,40.72,44.95,55.08,0,0,26.67,40.44
1998-07-31,23.27,0,36.11,0,37.23,0,50.53,10.58,49.48,0,0,45.75,0,0,37.36,0,0,12.52,0,41.33,44.27,57.83,0,0,26.56,39.61
1998-08-28,23.22,0,36.06,0,36.78,0,50.2,10.22,49.14,0,0,45.65,0,0,36.26,0,0,12.21,0,41.46,41.89,55.99,0,0,26.14,39.37
1998-09-30,22.56,0,29.07,0,29.1,0,38.52,11.41,35.61,0,0,37.46,0,0,28.04,0,0,11.06,0,30.19,33.19,38.89,0,0,22.84,35.87
1998-10-30,23.89,0,32.58,0,31.42,0,39.84,15.43,37.72,0,0,37.62,0,0,29.52,0,0,13.21,0,34.52,35.34,43.88,0,0,24.61,38.32
1998-11-30,24.61,0,33.01,0,33.52,0,41.3,15.61,42.56,0,0,41.7,0,0,31.93,0,0,15.36,0,36.94,38.62,47.71,0,0,25.96,40.65
1998-12-30,24.72,0,33.41,0,33.58,0,41.21,15.73,42.73,0,0,41.61,0,0,31.93,0,0,15.36,0,37.01,38.68,47.89,0,0,26.01,40.69
1999-01-29,25.51,0,36.16,0,35.09,0,43.72,14.51,44.75,0,0,41.29,0,0,32.98,0,0,15.73,0,37.83,38.88,49.06,0,0,26.59,44.82
1999-02-26,25.04,0,34.39,0,35.38,38.28,42.43,14.59,46.85,0,0,41.64,0,0,34.44,0,0,15.82,0,37.64,39.09,48.89,0,0,27.82,43.11
1999-03-31,25.55,0,36.84,0,35.88,40.79,40.61,16.58,49.8,0,0,47.59,0,0,35.23,0,0,18.19,0,37.2,39.63,46.4,0,0,28.5,44.77
1999-04-28,25.69,0,36.49,0,35.82,39.51,39.92,16.54,49.23,0,0,47.78,0,0,34.71,0,0,17.72,0,37.02,39.47,48.65,0,0,28.39,44.55
1999-05-28,25.53,0,37.95,0,36.15,41.37,42.25,18.61,49.37,0,0,52.01,0,0,35.79,0,0,22.01,0,40.23,42.04,46.21,0,0,28.04,44.4
1999-06-30,25.76,0,39.43,0,36.58,42.58,44.24,20.49,47.24,0,0,64.36,0,0,35.71,0,0,25.66,0,38,46.17,44.96,0,0,28.48,46.38
1999-07-30,25.95,0,39.8,0,35.56,41.41,41.74,20,43.98,0,0,68.32,0,0,35.4,0,0,25.82,0,34.06,45.93,44.7,0,0,28.01,44.3
1999-08-31,25.24,0,38.9,0,35.77,43.5,42.53,19.67,45.12,0,0,64.78,0,0,35.5,0,0,25.07,0,35.3,44.22,43.95,0,0,27.65,43.53
1999-09-30,25.35,0,38.86,0,34.9,43.4,41.34,19.46,43.46,0,0,66.1,0,0,33.57,0,0,25.47,0,34.51,44.87,41.88,0,0,26.61,41.89
1999-10-29,25.39,0,41.03,0,36.47,45.35,44.07,20.63,42.71,0,0,67.83,0,0,35.59,0,0,25.84,0,35.22,50.13,43.39,0,0,27.5,43.78
1999-11-30,26.4,0,41.84,0,38.57,49.32,45.77,23.3,45.54,0,0,69.93,0,0,36.77,0,0,27.65,0,39.14,54.93,45.2,0,0,28.43,44.47
1999-12-30,26.4,0,41.98,0,38.57,49.33,45.74,23.52,45.54,0,0,70.19,0,0,36.73,0,0,27.7,0,39.11,55.01,45.31,0,0,28.4,44.49
2000-01-31,26.05,0,47.28,0,40.03,52.58,53.12,23.74,50.56,0,0,74.51,0,0,37.02,0,0,27.17,0,38.73,67.29,42.26,0,0,26.83,44.58
2000-02-29,26.19,0,50.23,0,42.28,57.55,58.95,25.25,59.43,0,0,74.79,0,0,38.9,0,0,24.99,0,42.28,79.11,41.99,0,0,26.1,42.96
2000-03-31,26.19,0,55.4,0,42.78,59.87,56.83,24.04,55.97,0,0,75.78,0,0,40.01,0,0,24.64,0,42.55,72.79,41.86,0,0,27.61,47.13
2000-04-28,26.39,0,53.65,0,42.35,58.88,53.62,21.67,54.19,0,0,74.01,0,0,39.73,0,0,25.46,0,41.29,72.32,43.53,0,0,26.89,45
2000-05-31,25.68,0,51.89,0,42.23,60,52.94,16.95,59.02,0,0,71.22,0,0,39.27,0,0,20.87,0,40.78,67.53,44.35,0,0,27,43.06
2000-06-30,27.43,0,57.89,0,41.42,59.22,50,19.51,58.51,0,0,84.74,0,0,39.53,0,0,24.55,0,37.88,65.72,42.86,0,0,27.11,43.82
2000-07-31,26.53,0,58.16,0,41.39,60.45,51.34,20.94,54.13,0,0,78.99,0,0,37.84,0,0,24.47,0,37.66,65.55,43.95,0,0,27.41,42.11
2000-08-31,27.14,0,60.62,0,41.58,61.26,50.51,19.64,55.32,0,0,82.29,0,0,37.51,0,0,24.35,0,38.05,64.15,43.56,0,0,27.95,44
2000-09-29,27.82,0,54.59,0,39.52,56.49,48.25,18.33,53.04,0,0,78.64,0,0,36.16,0,0,22.92,0,38.91,57.96,39.79,0,0,26.85,41.68
2000-10-31,26.54,0,49.67,0,40.1,55.86,50.22,17.24,56.32,0,0,75.34,0,0,36.65,0,0,22.49,0,37.35,54.36,41.67,0,0,27.42,40.71
2000-11-30,26.04,0,44.36,0,37.77,52.09,43.94,16.66,55.75,0,0,73.66,0,0,35.26,0,0,21.99,0,32.89,47.39,42.19,0,0,26.26,37.32
2000-12-29,25.52,0,43.61,0,37.72,51.79,43.3,18.4,52.01,0,0,69.53,0,0,34.52,0,0,21.86,0,33.09,46.37,43.04,0,0,26.65,37.22
2001-01-31,26.77,0,46.1,0,38.12,52.43,45.7,18.91,52.42,0,0,69.07,0,16.92,35.05,0,0,21.94,0,36.02,50.25,42.02,0,18.02,26.91,38.25
2001-02-28,26.43,0,38.91,0,34.69,46.04,41.84,18.44,48.9,0,0,66.88,0,15.08,31.23,0,0,21.27,0,33.61,41.88,39.78,0,15.61,24.86,34.31
2001-03-30,25.24,0,36.48,0,32.59,44.96,37.8,17.76,46.41,0,0,70.03,0,14.55,29.24,0,0,18.29,0,32.95,33.61,34.75,0,13.8,23.82,32.19
2001-04-27,24.96,0,36.06,0,32.22,43.11,37.26,17.56,45.53,0,0,70.44,0,14.93,28.77,0,0,17.82,0,32.81,32.22,35.68,0,12.55,23.75,31.87
2001-05-31,26.5,0,39.55,0,33.53,46.16,38.81,15.43,45.51,0,0,68.09,0,17.13,30.14,0,0,17.08,0,34.14,36.72,37.06,0,15.31,24.36,34.53
2001-06-29,27.07,0,37.25,0,31.91,43.66,37.69,15.56,42.24,0,0,73.74,0,16.62,29.08,0,0,18.13,0,29.82,35.44,34.46,0,14.6,23.9,33.55
2001-07-31,25.47,0,36.46,0,30.96,43.25,36.56,15.53,39.25,0,0,69.29,0,15.57,27.24,0,0,17.78,0,28.42,36.57,32.73,0,13.12,23.5,32.91
2001-08-31,24.92,0,34.35,0,28.8,40.08,32.88,13.62,37.09,0,0,64.74,0,15.19,25.1,0,0,16.85,0,27.6,33.12,30.84,0,12.18,22.45,30.6
2001-09-28,23.28,0,31.19,0,25.66,34.47,27.51,11.76,32.27,0,0,58.1,0,13.75,21.53,0,0,13.85,0,24.48,28.82,28.09,0,8.85,20.65,28.33
2001-10-31,25.03,0,30.93,0,26.58,35.97,29.41,12.66,33.25,0,0,60.44,0,13.8,21.71,0,0,14.24,0,25.78,29.87,28.13,0,11.05,21.24,28.35
2001-11-30,25.52,0,33.48,0,27.79,37.6,31.9,14.2,34.42,0,0,61.98,0,13.96,22.76,0,0,15.4,0,27.14,34.3,29.69,0,11.78,21.92,30.78
2001-12-28,25.51,0,33.35,0,27.82,37.53,31.41,14.28,33.97,0,0,60.36,0,14.04,22.87,0,0,15.46,0,27.23,34.57,29.77,0,11.45,22.07,30.81
2002-01-31,26.02,0,33.19,0,27.78,37.52,32.27,15.08,34.25,0,0,58.27,0,16.82,23.57,0,0,19.48,0,26.2,33.06,29.47,0,13.24,22.01,30.17
2002-02-28,25.32,0,32.4,0,27.29,36.75,31.18,14.44,34.61,0,0,61.1,0,15.84,24.09,0,0,18.79,0,25.94,31.61,30.04,0,11.62,21.28,29.28
2002-03-28,25.1,0,32.35,0,26.9,37.08,30.31,15.46,33.86,0,0,61.82,0,16.14,23.64,0,0,18.73,0,25.94,31.16,28.42,0,11.46,21.1,29.34
2002-04-26,25,0,33.24,0,27.85,37.39,31.97,16.09,35.15,0,0,64.9,0,18.13,25.22,0,0,19.54,0,26.19,30.7,31.35,0,11.5,21.76,30.14
2002-05-31,24.06,0,33.31,0,26.55,36.57,30.85,14.62,33.42,0,0,67.68,0,17.43,24.26,0,0,18.05,0,25.81,25.87,31.49,0,9.91,20.82,27.84
2002-06-28,23.05,0,31.52,0,24.14,32.96,27.97,14.58,30.54,0,0,85.22,0,15.65,22.26,0,0,17.2,0,21.06,24.02,28.26,0,8.41,19.31,25.69
2002-07-31,21.82,0,28.73,0,21.23,29.32,23.13,13.99,26.15,0,0,79.69,0,13.71,18.06,0,0,16.8,0,18.93,22.15,24.84,0,9.45,17.52,23.69
2002-08-30,22.18,0,27.97,0,20.99,28.44,23.38,12.56,26.47,0,0,78.74,0,14.15,17.68,0,0,16.23,0,19.81,21.17,24.75,0,8.11,17.11,23.56
2002-09-30,21.14,0,25.65,0,17.92,23.28,17.57,11.89,22.94,0,0,74.79,0,13.57,14.36,0,0,14.96,0,16.5,17.66,22.29,0,7.23,15.06,20.98
2002-10-31,21.81,0,24.77,0,19.64,27.03,20.21,12.85,24.49,0,0,70.1,0,13.97,16.07,0,0,16.01,0,18.73,19.62,22.94,0,8.83,16.24,22.68
2002-11-29,21.8,0,26.05,0,20.45,28.41,21.07,13.54,26.81,0,0,69.01,0,14.33,16.9,0,0,15.15,0,20,21.99,24.03,0,10.76,16.55,23.79
2002-12-30,21.79,0,25.67,0,20.47,28.28,20.79,13.6,26.45,0,0,66.3,0,14.35,17.01,0,0,15.14,0,20.01,22.21,24.15,0,10.55,16.58,23.76
2003-01-30,20.97,0,24.86,0,18.81,25.88,18.09,12.57,24.6,0,0,64.65,0,14.53,15.36,0,0,14.67,0,18.15,19.65,21.73,0,8.54,15.76,21.99
2003-02-28,19.32,0,24.58,0,17.17,22.29,17.04,12.46,25.43,0,0,61.51,0,13.76,12.99,0,0,13.87,0,17.68,18.87,19.6,0,10.28,14.38,20.75
2003-03-31,19.97,0,23.7,0,16.53,21.86,15.42,12.71,23.31,0,0,59.84,0,13.98,12.44,0,0,13.92,0,17.35,18.13,18.4,0,8.02,14.12,20.93
2003-04-30,20.76,0,24.64,0,18.34,24.03,18.33,12.38,25.74,0,0,59.69,0,15.69,13.74,0,0,13.83,0,19.35,20.38,21.55,0,9.19,15.33,22.44
2003-05-30,20.39,0,26.08,0,18.98,25.85,19.84,12.05,25.95,0,0,54.29,0,16.29,14.29,0,0,14.8,0,19.58,19.71,22.33,0,8.35,15.82,23.63
2003-06-30,20.6,0,26.88,0,19.16,26.4,20.92,13.03,24.62,0,0,81.87,0,16.65,14.36,0,0,16.43,0,19.81,20.09,22.84,0,7.86,15.97,23.94
2003-07-31,21.08,0,27.51,0,19.86,27.89,22.07,13.95,24.1,0,0,86.22,0,16.66,14.95,0,0,17.68,0,20.2,22.6,24.11,0,7.89,16.49,24.19
2003-08-29,21.76,0,28.03,0,19.96,28.37,22.34,14.98,24.3,16.68,0,90.92,0,16.88,15.05,0,0,17.77,0,20.2,22.85,24.4,0,8.56,16.27,24.29
2003-09-30,21.74,0,27.3,0,19.05,25.59,20.9,16.02,23.16,17.99,0,88.17,0,17.93,13.91,0,0,18.51,0,18.92,21.58,23.45,0,9.25,16,24.06
2003-10-31,22.48,0,27.1,0,20.15,28.27,23.68,17.42,23.97,19.62,0,90.71,0,17.79,14.86,0,0,19.35,0,20.07,22.61,24.05,0,11.95,16.67,25.1
2003-11-28,21.58,0,26.98,0,20.26,28.94,24.04,17.22,24.63,19.81,0,80.04,0,18.85,14.92,0,0,19.02,0,19.89,22.26,24.45,0,10.72,16.71,25.03
2003-12-30,21.58,0,26.63,0,20.25,28.78,23.61,17.23,24.34,19.85,0,77.17,0,18.88,14.96,0,0,19.02,0,19.88,22.46,24.55,0,10.63,16.75,25.02
2004-01-30,22.2,0,27.77,0,21.29,30.45,25.28,19.22,24.83,22.01,0,81.39,0,20.84,15.85,0,0,20.52,0,21.95,25.54,26.26,0,13.06,17.04,26.34
2004-02-27,22.67,0,28.34,0,21.56,28.98,26.35,19.76,25.56,21.41,0,82.51,0,21.27,15.94,0,0,20.58,0,22.3,26.38,26.37,0,15.01,17.11,26.25
2004-03-31,22.85,0,27.56,0,20.64,28.27,24.07,20.11,25.05,20.82,0,90.02,0,22.83,15.34,0,0,20,0,21.34,26.1,24.22,0,15.41,16.55,25.87
2004-04-30,22.78,0,26.53,0,20.93,27.82,24.13,18.8,26.83,20.83,0,90.23,0,22.31,15.63,0,0,20.13,0,21.64,25.38,26.19,0,13.18,17,25.19
2004-05-28,22.67,0,26.97,0,21.1,29.1,25.14,16.8,26.18,20.23,0,77.38,0,22.13,16.11,15.4,0,20.13,0,21.01,25.42,26.51,0,12.02,17.05,25.11
2004-06-30,23.87,0,28.25,0,20.89,29.27,24.54,17.91,25.31,17.62,0,88.54,0,21.9,16.12,14.95,0,20.07,0,21.07,25.76,25.11,0,11.81,17.08,25.67
2004-07-30,23.63,0,27.81,0,20.3,28.65,23.06,18.13,24.09,18.72,0,83.32,0,20.4,15.16,14.81,0,20.7,0,20.39,25.76,24.71,21.94,13.44,16.81,24.54
2004-08-31,23.99,0,27.15,0,19.93,28.1,22.2,18.28,24.1,18.68,0,81.62,0,20.32,14.41,14.64,0,20.15,16.62,20.03,24.95,24.09,23.19,13.66,16.63,24.26
2004-09-30,24.16,0,27.77,0,20.15,26.96,22.8,18.8,24.61,20.22,28.06,75.53,19.02,22.32,14.28,14.74,0,21.27,17,20.34,25.73,23.68,22.3,13.71,16.97,24.64
2004-10-29,24.86,0,27.26,10.29,20.43,28.28,23.4,19.39,25.12,20.53,29.88,74.48,19.39,23.02,14.61,15.61,0,20.95,16.91,21.39,24.51,23.12,22.78,15.12,17.15,24.7
2004-11-30,25.55,0,27.02,11.39,20.73,28.9,24.25,20.92,25.52,22.14,33.2,67.92,19.56,23.1,14.87,16.75,0,21.01,18.14,21.55,25.75,23.45,22.93,14.54,17.25,25.35
2004-12-30,25.54,0,26.69,11.13,20.74,28.77,23.86,20.96,25.26,22.25,33.56,65.87,19.54,23.14,14.91,16.87,0,21.04,18.09,21.55,26.04,23.49,23.1,14.33,17.27,25.25
2005-01-31,26.78,0,26.35,11.04,21.55,29.9,23.75,20.54,26.51,22.9,35.46,68.58,20.27,25.47,15.83,17.37,0,22.15,18.21,22.99,26.86,24.62,22.57,18.16,18.04,25.11
2005-02-28,27.38,0,27.76,11.85,22.03,28.77,25.37,21.27,27.24,23.19,33.34,69.79,21.25,25.63,16.62,20.03,0,22.06,19.11,22.28,27.4,25.15,22.96,19.7,18.2,25.53
2005-03-31,25.74,0,27.54,10.99,21.35,27.87,24.23,21.83,27.23,22.24,34.04,68.89,20.08,23.15,16.21,18.8,0,22.21,18.42,21.9,27.2,23.71,21.47,17.56,17.66,25.13
2005-04-28,25.81,0,27.71,11.41,21.26,27.23,23.86,21.47,28.15,22.13,33.24,68.62,20.31,23.25,16.15,18.34,0,22.27,18.3,21.89,26.37,24.61,21.16,17.09,17.65,24.92
2005-05-31,25.85,0,28.26,11.72,21.96,29.34,25.45,19.99,27.15,22,38.52,59.29,21.84,23.17,16.68,17.59,0,22.72,18.5,21.86,27.96,25.97,23.02,15.68,17.99,25.11
2005-06-30,27.55,0,29.5,13.03,22.29,29.57,25.26,21.83,26.88,24.03,38.34,64.5,21.93,22.99,17.33,18.69,0,23.28,19.15,22.73,28.68,25.95,23.85,16.09,18.6,25.08
2005-07-29,27.93,0,31.08,13.82,23.04,31.09,26.46,22.97,27.12,25.1,39.45,64.81,23.17,25.07,17.37,20.7,0,24.8,20.34,23.26,30.71,27.45,23.66,18.53,19.09,25.82
2005-08-31,28.63,0,31.4,14.44,22.67,30.68,26.07,21.53,27.38,25.26,35.44,67.53,21.15,25.19,16.53,20.98,0,23.26,20.49,22.75,29.72,26.92,22.49,19.08,18.79,25.09
2005-09-30,28.84,0,32.06,14.93,22.99,29.04,26.55,22.34,27.83,27.93,34.78,71.81,23.44,29.2,16.93,22.26,0,24.01,21.73,24.18,30.24,27.48,22.55,19.8,19.17,25.22
2005-10-31,27.48,0,28.95,13.38,22.28,28.56,26.14,21.39,25.73,25.55,37.31,72.62,22.46,28.07,16.75,20.99,0,22.98,20.67,23.22,28.4,27.72,22.22,19.3,18.59,24.35
2005-11-30,28.33,0,29.83,14.41,22.84,29.73,27.14,21.64,26.09,27.89,40.35,73.2,24.42,28.68,17.85,23.58,13.38,23.53,21.75,22.97,29.1,29.11,23.81,22.65,18.87,25.08
2005-12-30,29.23,0,30.96,14.79,23.74,30.7,27.83,21.87,27.06,29.61,42.03,75.09,26.11,30.3,18.78,24.69,14.53,24.12,23.79,23.35,30.81,29.97,25.21,22.74,19.58,25.21
2006-01-31,29.23,0,30.01,16.86,23.65,30.56,26.97,21.8,26.46,29.55,41.51,75.15,25.16,30.52,18.78,24.19,18.09,24.14,23.59,23.43,31.51,29.7,24.16,23.72,19.72,24.95
2006-02-28,30.23,0,31.07,17.37,24.72,30.48,30.29,22.95,28.12,31.85,38.4,76.09,25.12,29.73,19.77,25.77,18.97,25.2,25.25,25.12,32.33,30.65,24.11,29.02,20.04,25.2
2006-03-31,29.82,0,32.27,17.49,24.57,29.64,29.4,23.98,27.89,34.7,37.42,78.39,24.7,31.08,19.95,25.45,17.96,25.9,26.2,24.59,33.94,29.28,24.06,25.9,20.13,25.54
2006-04-28,30.74,0,32.76,18.49,24.65,28.87,29.27,24.81,28.46,36,36.8,77.91,25.86,33.5,19.69,27.17,20.58,27.03,26.64,24.64,32.67,30.78,25.8,25.81,20.39,25.69
2006-05-30,30.68,0,33.12,17.78,24.72,29.61,29.93,22.31,27.84,34.73,39.41,71.23,27.76,33.07,20.08,26.77,19.62,27.05,26.25,24.11,32.54,31.05,27.43,23.51,20.43,25.54
2006-06-30,29.93,0,31.42,19.76,23.36,28.5,27.01,21.78,26.65,31.07,34.51,68.67,24.8,29.23,18.49,23.87,20.35,24.78,25.02,23.48,29.27,28.95,24.64,17.93,19.85,24.68
2006-07-31,29.04,0,31.54,20.06,23.46,28.49,26.22,23.02,25.96,30.79,34.24,64.81,23.46,29.99,18.81,26.64,20.36,24.76,23.99,23.64,29.5,29.91,23.02,18.82,20.02,24.47
2006-08-31,30.09,0,31.83,20.92,23.63,29.25,26.76,22.75,27.24,33.56,32.24,66.13,22.32,30.52,18.91,23.76,21.51,24.69,24.33,24.14,29.46,30.14,23.9,19.63,19.73,24.58
2006-09-29,28.43,0,29.82,21.42,23.43,27.28,26.87,22.93,26.65,35.8,30.66,62.47,22.18,32.27,19.53,22.16,18.12,26.07,23.5,24.95,30.14,30.09,24.5,18.45,19.48,25.12
2006-10-31,29.55,0,30.53,22.73,24.17,28.5,28.22,23.95,27.18,37.02,32.45,62.73,22.41,32.99,19.47,24.1,20.16,27.57,24.74,26.54,30.76,30.64,26.13,20.79,19.99,25.99
2006-11-30,29.67,0,31.32,25.44,23.97,28.74,28.16,24.99,27.05,37.43,33.91,59.34,22.95,34.18,19.23,26.85,21.72,28.73,26.08,26.35,30.28,30.55,27.58,19.09,19.65,26.25
2006-12-29,30.68,0,31.41,28.98,24.85,29.9,29.1,26.52,27.51,37.99,33.55,60.67,22.84,35.76,20.3,27.76,23.18,30.41,27.47,26.45,32.42,31.76,27.94,19.1,20.2,26.52
2007-01-31,31.44,0,30.72,27.53,25.2,30.29,29.11,26.96,27.83,38.63,34.58,61.09,21.57,36.73,20.66,29.93,22.97,31.58,27.86,27.42,34.03,32.74,26.3,21.31,20.21,26.67
2007-02-28,31.74,0,30.72,27,24.7,28.46,29.89,26.29,27.41,35.13,32.53,61.83,21.8,33.74,20.26,27.98,22.54,31.61,28.12,26.4,32.52,31.13,26.48,22.03,19.94,25.87
2007-03-30,30.49,0,30.63,27.47,24.43,27.44,29.26,27.75,27.11,34.42,32.97,60.12,22.13,35.45,21.19,30.53,21.85,32.3,28.28,26.57,33.51,29.46,25.82,21.48,19.82,25.92
2007-04-27,30.84,0,30.76,28.24,24.36,27.43,28.97,26.97,27.52,34.47,32.4,60,22.22,35.71,20.98,29.6,21.56,32.49,28.2,26.5,32.58,29.64,25.84,20.95,19.83,25.7
2007-05-30,31.74,0,31.71,29.65,25.5,29.67,31.88,25.03,28.19,35.63,36,57.09,24.61,35.72,22.77,29.31,20.17,33.84,29.05,25.73,34.77,31.59,27.73,20.4,20.44,26.71
2007-06-29,32.45,0,33.12,36.12,25.59,30.02,32.53,26.51,26.96,37.77,39.68,61.52,26.77,37.33,22.3,30.63,22.44,34.87,27.17,26.57,33.78,30.25,29.95,20.97,20.87,26.94
2007-07-31,31.53,0,32.85,39.4,24.52,28.35,30.22,29.41,24.92,39.39,39.58,57.96,27.87,36.13,21.81,30.15,21.98,34.93,27.01,26.1,33.89,29.11,29.85,24.3,19.99,25.82
2007-08-31,32.52,0,32.26,41.6,24.1,27.89,30.09,28.24,25.14,37.9,34.46,54,25.25,35.44,20.61,28.17,21.33,31.94,26.62,25.51,32.06,28.79,29.21,23.66,19.74,25.82
2007-09-28,32.25,0,32.32,47.8,23.7,26.22,29.96,31.72,24.46,42.95,33.89,52.73,25.71,35.47,20.9,26.73,23.38,34.88,25.98,24.9,31.29,27.58,29.16,23.58,19.59,26.71
2007-10-31,33.1,0,32.87,55.27,24.33,27.29,31.04,35.97,24.6,49.53,35.94,52.56,27.38,35.7,20.78,28.77,25.23,35.59,27.9,27.17,29.24,27.75,31.74,25.64,20.38,27
2007-11-30,31.59,0,30.19,48.4,23.19,26.48,29.98,33.99,23.33,47.69,34.68,47.55,24.83,33.9,19.68,27.45,24.79,32.09,26.71,26.34,26.83,27.07,27.11,23.35,19.25,25.45
2007-12-28,31.56,0,29.91,46.29,23.05,26.38,29.66,33.88,23.08,47.46,34.79,46.2,24.68,33.92,19.87,27.4,25.22,31.9,26.52,25.84,26.46,27.02,27.06,22.55,19.2,25.25
2008-01-31,27.27,0,28.18,34.75,20.22,22.73,24.78,29.93,20.39,43.09,31.46,39.91,20.84,32.36,17.1,22.92,21.97,27.52,24.11,21.55,22.95,23.38,23.14,17.92,17.62,23.46
2008-02-29,26.72,0,29.02,38.3,20.06,21.6,25.23,29.33,20.12,42.4,31.63,39.11,20.83,30.99,17.2,23.11,23.72,27.51,26.4,21.18,23.22,22.83,25.48,19.15,17.48,22.39
2008-03-31,24.46,0,28.41,33.15,18.92,20.16,23.56,27.44,18.39,35.69,28.36,35.37,21.04,32.1,16.53,23.6,21.64,25.51,24.37,20.98,22.52,21.63,25.42,15.92,16.47,22.38
2008-04-30,25.72,0,30.06,37.38,20.01,21.38,24.82,28.87,20.08,39.35,30,39.79,22.87,31.14,17.39,22.61,22.26,26.71,25.24,21.95,23.17,22.88,26.57,17.23,17.66,23.34
2008-05-30,26.05,0,32.24,34.47,20.33,22.42,25.96,26.03,19.85,36.11,31.2,38.41,23.98,31.89,17.79,22.04,25.67,26.91,25.65,21.55,23.73,23.37,27,15.26,17.58,23.69
2008-06-30,24.26,0,31.49,32.67,17.98,19.57,22.91,23.69,17.01,28.77,32.89,36.66,20.7,27.55,15.04,18.56,22.72,24.19,23.38,18.72,19.94,21.18,22.76,13.15,16.23,21.65
2008-07-31,22.9,0,29.19,33.04,17.44,19.09,22.44,24.03,15.85,30.1,30.71,35.06,18.75,25.5,14.47,20.1,17.31,24.21,22.15,18.31,20.19,21.55,20.51,16.44,15.5,21.08
2008-08-29,23.81,0,29.23,30.21,17.62,19.48,22.14,21.84,16.18,29.97,28.72,33.34,16.3,24.85,15.03,18.61,14.71,22.04,21.56,17.88,19.93,21.65,20.73,15.39,15.94,20.96
2008-09-30,20.39,0,24.39,22.33,15.21,16.71,19.39,17.52,14.26,25.76,24.75,28.52,15.92,23.28,12.77,16.41,11.23,18.58,18.74,16.29,17.12,20.35,16.48,12.79,13.44,19.16
2008-10-31,17.94,0,19.71,17.14,13.11,14.65,16.65,14.05,11.93,19.2,21.95,22.43,12.68,18.26,10.51,12.73,7.18,13.65,16.26,13.46,13.65,18.45,14.4,10.17,11.91,15.87
2008-11-28,16.56,0,18.52,18.13,12.43,13.87,15.23,13.76,11.04,16.87,21.69,20.75,11.83,18.21,9.81,12.65,5.78,13.46,16.61,13.09,13.59,17.4,12.62,9.05,11.62,14.66
2008-12-30,16.55,0,18.47,20.02,12.47,13.95,15.08,13.58,11.01,16.78,21.9,20.37,11.8,18.15,9.9,12.69,5.36,13.48,16.56,13,13.59,17.55,12.64,8.84,11.71,14.9
2009-01-30,15.83,0,16.75,17.61,11.85,12.95,13.74,14.23,10.1,17.6,22.35,19.5,12.69,17.94,9.84,11.39,5.06,13.65,16.64,12.37,13.35,16.07,11.82,9.26,11.54,13.81
2009-02-27,15.09,0,15.77,16.99,10.75,11.41,12.38,13.44,8.93,16.32,23.17,18.51,11.26,15.79,8.59,9.81,5.07,12.24,15.39,11.1,13.77,14.36,12.73,8.76,10.72,12.43
2009-03-31,16.06,0,16.88,19.11,11.12,11.64,13.33,14.31,9,17.96,23.79,20.5,12.68,17.17,9.06,10.9,5.49,12.41,16.11,11.55,13.66,15.46,14.51,8.95,10.86,13.7
2009-04-30,17.24,0,18.46,20.56,12.62,13.28,15.69,16.87,11.07,21.13,24.72,22.69,14.71,19.44,10.13,12.76,6.48,14.2,15.9,13.49,16.3,16.72,17.07,11.09,11.95,14.99
2009-05-29,17.36,0,21.41,23.46,13.28,14.26,16.51,18.46,11.5,26.8,27.29,22.78,15.38,21.49,10.85,12.21,8.31,17.55,17.27,14.13,16.71,17.47,21.92,11.96,12.61,15.93
2009-06-30,18.22,0,21.4,26.57,12.98,13.65,16.06,18.65,10.95,25.65,27.57,25.77,15.51,20.82,10.97,12.52,6.97,17.12,16.76,14.81,17.42,17.58,19.14,12.62,12.12,15.99
2009-07-31,19.69,0,22.16,29.12,14.06,14.76,17.39,21.98,11.42,27.66,28.99,25.94,17.29,22.99,12.32,14.64,7.09,19.7,17.96,16.43,19.77,19.29,20.84,14.96,13.11,17.13
2009-08-28,19.49,0,22.01,26.88,13.96,14.78,17.26,21.39,11.53,26.53,26.96,25.65,16.94,22.97,11.99,14.23,7.16,19.04,17.65,16.35,19.28,19.1,20.75,15.1,12.85,16.96
2009-09-30,21.35,0,22.84,26.58,15.28,16.14,18.45,21.29,13.25,28.65,25.83,25.45,18.13,24.62,13.67,14.16,7.93,19.62,18.09,17.2,19.67,20.57,22.41,15.25,14.33,18.44
2009-10-30,20.68,0,21.17,28.17,14.88,15.81,17.68,21.92,12.36,26.64,26.6,25.12,17.21,24,13.16,15.4,7.93,19.45,18.46,16.89,20.36,20.28,22.84,15.03,14.01,18.1
2009-11-30,20.85,0,22.57,29.18,15.05,16.13,18.4,20.9,12.26,27.88,28.7,23.11,16.86,25.64,12.95,16.53,8.08,20.33,18.54,17.12,20.43,20.23,23.03,13.98,14.19,18.95
2009-12-30,20.83,0,22.32,29.36,15.01,16.12,18.22,21.01,12.16,27.31,28.75,22.52,16.74,25.7,13.07,16.55,8.55,20.35,18.51,16.86,20.28,20.23,22.98,13.58,14.15,18.85
2010-01-29,20.45,0,20.69,27.5,15.16,16.52,18.13,20.01,12.28,26.33,29.52,24.64,16.96,24.79,14.14,16.88,9.06,20.48,18.47,15.71,20.75,20.88,22.35,16.43,14.04,18.39
2010-02-26,20.9,0,21.76,28.04,15.21,15.86,18.31,20.72,11.93,26.01,29.14,22.96,16.48,24.55,13.86,16.35,8.6,20.24,18.86,14.78,20.77,20.42,21.52,15.14,14.45,18.88
2010-03-31,21.51,0,22.25,29.26,16.24,16.77,19.76,23.15,12.78,27.61,30.8,26.89,17.52,26.35,15.38,18.18,8.82,20.32,19.11,15.55,21.92,21.81,22.34,16.14,15.33,19.81
2010-04-30,21.18,0,22.84,27.85,15.87,16.13,19.81,22.57,12.37,27.74,28.76,27.43,18.08,25.57,15.3,18.32,8.6,20.63,19.57,15,22.87,21.15,22.87,17.29,15,20.09
2010-05-27,21.26,0,23.72,25.47,15.99,16.42,20.11,22.58,12.04,27.79,30.55,26.63,18.49,25.67,15.63,17.77,8.13,20.57,19.34,14.89,23.2,21.59,25.98,16.65,15.03,20.34
2010-06-30,19.2,0,21.55,25.94,14.54,15.22,18.96,21.47,10.94,26.67,27.06,22.93,17.24,23.56,14.64,15.26,7.71,19.16,18.08,13.36,21.94,20.07,21.34,15.75,13.22,17.55
2010-07-30,20.24,0,22.36,26.74,15.36,15.93,19.11,23.47,11.87,26.84,25.69,22.74,17.29,24.35,15.4,16.41,8.09,20.26,19.44,15.07,23.39,20.52,22.97,17.74,14.16,18.86
2010-08-31,19.66,0,22.51,25.8,14.85,15.08,18.03,23.89,11.32,26.36,25.44,20.57,17.02,24.62,14.2,15.75,7.75,19.34,18.89,14.53,21.55,19.76,22.58,17.78,14.07,17.66
2010-09-30,19.74,0,23.23,26.08,15.55,15.93,18.91,26.46,11.64,29.06,26.05,22.04,17.72,25.54,15.19,16.63,8.13,20.73,19.92,14.52,23.41,20.23,23.34,17.93,14.84,19.44
2010-10-29,19.91,0,23.13,26.94,16,16.91,19.89,27.16,12.08,29.1,26.25,21.68,17.68,27.09,15.14,17.43,8.37,21.22,20.14,14.88,23.15,20.73,24.42,18.57,15.15,20.22
2010-11-30,19.27,0,23.55,26.33,15.3,16.1,20.25,26.93,10.8,27.46,26.21,22.05,18,27.4,14.11,17.62,8.54,21.39,19.92,12.38,23.43,20.26,24.15,17.25,14.49,19.84
2010-12-30,19.26,0,23.53,26.16,15.27,16.13,20.24,26.92,10.77,27.3,26.19,21.78,18.02,27.39,14.2,17.6,9.15,21.35,19.86,12.21,23.11,20.23,23.93,17.39,14.41,19.77
2011-01-31,20.19,0,23.76,25.94,16.38,17.79,21.26,27.61,12.43,24.96,26.71,23.12,19.48,27.29,15.62,18.24,9.57,21.57,19.92,14.34,24.11,20.75,25.69,16.42,15.2,21.34
2011-02-28,20.63,0,24.99,25.4,16.69,17.69,22.09,26.46,12.78,23.65,24.16,22.72,17.94,26.63,16.34,18.58,9.97,19.75,20.55,14.29,23.65,20.21,24.09,16.12,15.55,21.87
2011-03-31,20.14,0,24.52,26.57,16.2,16.86,20.8,25.52,12.31,25.75,23.43,21.88,19.3,27.11,16.5,19.49,9.93,19.89,20.16,13.77,23.35,20.12,23.88,15.88,15.04,21.36
2011-04-28,20.14,0,24.59,25.51,16.09,16.73,20.86,25.31,12.56,25.7,23.4,22.19,19.21,26.61,16.17,19.02,9.52,19.48,20.26,13.72,22.89,19.91,24.11,16.16,15.05,21.23
2011-05-31,19.73,16.08,24.36,24.96,16.5,17.44,21.87,25.57,12.26,24.45,24.1,21.22,19.54,25.24,16.01,18.89,9.14,19.79,20.36,13.76,23.4,21.35,27.73,15.34,15.38,21.41
2011-06-30,19.47,15.61,23.09,24.07,16.05,17.26,21.57,24.02,11.66,23.56,22.13,22.59,18.69,24.94,15.22,17.31,9.14,18.73,19.88,13.52,22.48,20.19,24.02,15.18,15.09,20.76
2011-07-29,18.66,14.95,22.43,23.66,15.28,15.75,20.54,25.3,10.62,22.76,21.28,21.89,18.11,24.62,14.79,16.53,8.93,19.2,19.52,12.48,21.52,18.96,23.94,15.37,14.81,20.29
2011-08-31,18.05,13.85,21.66,21.29,13.61,13.76,16.46,22.66,9.14,20.42,18.73,19.16,15.63,25.21,13.15,14.49,7.96,16.77,19.81,11.41,18.22,17.76,21.82,13.36,13.5,18.77
2011-09-30,16.07,12.99,19.69,16.36,12.89,12.48,15.49,18.29,8.62,20.04,16.74,19.59,14.69,23.48,12.99,12.65,6.74,15.77,18.84,10.94,17.15,17.79,20.09,13.85,12.68,17.53
2011-10-31,17.15,14.08,20.18,18.71,13.81,13.85,17.05,20.21,9.34,21.41,18.17,19.75,15.83,25.41,14.05,13.95,7.52,16.84,20.01,11.4,18.56,18.45,21.53,12.78,13.64,19.4
2011-11-30,16.2,13.89,19.81,17.11,13.45,13.46,16.65,18.4,8.89,19.04,17.17,18.24,15.11,25.37,13.32,13.63,7.58,15.94,20.66,10.63,18.08,18.11,19.29,12.16,13.38,18.89
2011-12-30,15.93,14.11,19.36,17.64,13.6,13.51,16.21,18.72,8.87,18.13,17.41,18.09,15.14,25.5,13.93,12.81,6.97,15.64,20.06,10.96,18.2,18.95,19.56,11.38,13.5,19.02
2012-01-31,16.97,14.93,19.76,19.14,14.06,14.14,17.68,20.42,9.39,20.41,18.11,18.51,16.05,25.34,14.3,13.81,7.84,17.18,20.6,10.9,18.99,19.14,20.19,12.71,13.71,19.8
2012-02-29,17.16,15.45,20.26,20.35,14.62,14.35,18.92,21.96,9.73,21.02,17.14,19.78,16.53,24.98,14.42,13.94,8.51,17.48,21.13,10.94,20.58,18.86,21.55,13.3,14.3,20.45
2012-03-30,16.95,14.99,19.74,18.9,14.4,14.19,18.92,20.56,9.44,20.17,17.15,21.54,16.55,26.27,14.96,13.62,7.78,17.12,19.67,10.34,19.84,19.82,21.32,12.91,13.68,20.64
2012-04-27,17.13,15.07,19.82,18.69,14.3,14.08,18.96,20.45,9.63,19.96,17.09,21.8,16.53,25.84,14.63,13.41,7.44,16.65,19.76,10.3,19.55,19.42,21.35,13.11,13.73,20.58
2012-05-31,16.2,13.09,18.42,16.23,12.99,12.57,16.78,18.29,7.71,18.19,16.01,17.47,15.17,24.94,13.38,11.86,6.7,15.26,19.66,8,17.6,18.61,21.2,11.11,12.75,19
2012-06-29,16.39,13.04,18.35,16.54,13.5,13.32,16.74,18.89,8.5,18.48,15.25,18.21,14.99,25.66,13.9,12.44,7.12,15.54,19.85,9.39,18.16,19.18,19.39,12.77,13.29,19.59
2012-07-31,17.33,13.43,18.45,16.62,13.86,13.53,17.51,20.15,8.23,18.37,15.98,17.13,14.91,25.7,14.94,11.83,6.98,16.39,20.5,8.87,19.28,20.26,19.29,13.36,13.52,19.81
2012-08-31,17.61,13.18,18.77,16.01,14.05,13.92,17.59,20.28,9.09,18.29,15.11,16.6,14.91,25.46,14.91,12.18,6.95,15.98,20.67,9.91,18.2,19.86,19.64,14.05,13.56,19.89
2012-09-28,17.08,13.29,19.18,15.96,14.12,13.64,18.11,20.77,9.01,19.55,15.4,17.32,15.41,25.94,15.05,12.53,7.02,16.34,20.65,10.07,18.7,20.22,20.16,12.98,13.51,20.42
2012-10-31,17.43,13.1,19.3,16.79,14.17,13.94,18.08,20.76,9.18,19.21,15.28,17.48,14.52,26.18,15.37,12.26,6.67,15.96,20.92,10.18,18.3,20.52,19.01,14.23,13.6,19.95
2012-11-30,17.22,13.21,18.87,17,14.31,14.42,18.05,21.1,9.13,19.88,14.92,18.29,14.65,25.62,15.43,12.48,6.57,16.3,21.18,10.09,18.65,21.07,19.93,13.92,13.55,19.74
2012-12-28,17.16,13.21,18.89,17.96,14.36,14.47,18.13,21.09,9.2,19.82,14.96,18.11,14.86,25.66,15.55,12.51,6.8,16.3,21.1,10.28,18.73,21.12,19.81,13.99,13.53,19.76
2013-01-31,18.86,13.53,19.23,18.84,15.29,15.19,18.91,22.46,10,20.09,13.41,21.64,14.7,27.69,16.62,12.95,7.17,16.98,21.66,10.9,20,22.85,19.83,14.81,14.42,20.87
2013-02-28,19.88,13.05,19.63,18.06,15.33,14.99,18.52,22.25,9.08,18.82,13.66,21.07,15.28,26.39,15.98,13.03,6.96,16.77,21.41,10.78,20.33,22.5,20.09,14.54,14.65,20.96
2013-03-28,19.41,12.7,19.32,17.19,15.14,14.73,18.43,21.66,8.91,18.33,13.63,22.18,15.19,26.41,16.33,12.79,6.54,16.25,20.12,10.74,19.86,23,19.95,14.05,14.24,20.47
2013-04-30,20.16,13,18.74,16.64,15.57,15.14,18.67,21.69,9.76,18.86,13.69,26.97,14.38,24.92,16.53,12.37,6.31,16.77,19.96,11.6,20.15,23.74,20.57,15.56,14.59,21.8
2013-05-31,19.06,12.73,19.52,16.12,15.95,15.61,19.17,20.93,9.96,19.11,14.03,25.74,14.74,24.44,17.11,13.16,6.28,16.47,21.08,11.49,20.07,23.98,22.51,15.44,15.01,22.18
2013-06-28,18.64,11.41,18.46,14.9,15,14.74,18.01,19.59,8.85,17.88,13.42,25.09,13.76,23.33,16.44,11.9,6.14,15.48,20.55,10.53,19.08,23.15,20.43,13.68,14.09,21.71
2013-07-31,19.81,11.59,18.94,15.37,15.82,15.51,18.66,20.96,9.46,17.66,13.04,24.46,13.67,23.34,17.84,12.06,6.2,16.03,21,11.46,20.84,23.57,20.14,13.1,15.07,22.77
2013-08-30,20.25,11.76,19.14,15.66,15.44,15.2,17.94,20.08,9.73,16.95,12.46,22.78,13.94,23.31,17.39,12.28,6.14,14.83,20.99,11.36,19.9,22.71,19.9,11.82,14.52,21.73
2013-09-30,19.62,12.21,19.27,15.5,15.99,16.02,18.92,20.64,10.24,17.28,12.73,25.22,14.11,23.39,18.19,12.34,6.52,15.68,21.7,12.32,20.75,23.53,20.12,12.71,14.56,22.54
2013-10-31,20.35,12.9,20.1,15.82,16.61,16.6,19.73,20.72,11.39,18.66,12.66,25.18,14.48,23.96,18.87,13.13,6.63,16.07,22.49,13.41,20.86,24.13,20.71,13.13,15.16,23.56
2013-11-29,19.79,12.77,20.25,16.52,16.59,16.7,20.3,20.64,11.06,18.1,13.17,25.97,14.49,24.3,18.62,13.24,6.51,16.01,22.04,13.1,20.99,24.37,20.44,12.6,14.84,23.91
2013-12-30,19.73,12.78,20.22,16,16.63,16.74,20.38,20.62,11.18,17.91,13.19,25.67,14.64,24.28,18.77,13.3,6.46,15.93,22.01,13.3,21.04,24.35,20.32,12.7,14.81,23.85
2014-01-30,19.76,12.04,20.16,15.01,16.79,16.77,20.69,20.63,11.31,18.4,12.87,26.45,13.95,24.45,19.11,12.58,6.18,15.87,22.58,13.34,21.26,24.22,20.48,11.28,14.95,24.32
2014-02-28,20,11.04,21.21,15.41,17.17,17.22,20.64,20.29,12.18,18.38,14.51,23.01,13.76,21.72,18.96,13.46,6.29,15.24,22.73,13.71,21.83,24.27,20.4,10.25,15.08,24.43
2014-03-31,19.61,11.64,21.35,15.11,16.91,17.08,20.4,19.46,12.74,18.86,15.47,23.92,13.7,22.69,19.57,13.06,5.83,15.19,22.15,13.89,21.57,24.82,21.12,11.33,14.33,24.06
2014-04-30,20.16,11.98,21.82,14.19,17.28,17.43,20.43,19.81,13.18,18.76,15.37,23.27,13.45,22.42,18.7,13.38,5.42,15.45,22.27,14.88,21.62,24.6,20.87,12.13,15,24.23
2014-05-30,20.16,11.62,21.98,14.54,17.59,17.64,20.67,20.39,13.04,20.03,15.71,23.2,13.69,22.68,18.98,13.25,5.94,15.61,22.7,15.52,21.8,25.27,23.15,12.9,15.21,24.62
2014-06-30,19.66,11.93,22.38,14.88,17.37,17.3,20.32,20.35,13.09,20.22,15.57,24.61,13.75,23.23,19.21,13.08,6.17,15.46,23.54,15.6,21.47,25.01,23.04,12.81,14.93,25
2014-07-31,20.73,12.44,22.72,15.99,17.02,16.52,19.34,22.15,12.57,20.77,15.56,24.8,14.02,23.89,18.83,12.28,5.7,16.11,24.04,15.27,21.71,24.64,22.76,13.39,14.93,24.6
2014-08-29,20.79,13.61,22.9,15.94,17.22,16.83,19.19,21.33,12.66,21.04,15.66,23.45,13.66,25.07,19.13,12.73,5.72,15.77,23.91,15.48,21.34,24.78,23.38,12.85,15.11,25.21
2014-09-30,18.92,11.87,21.9,14.18,17.16,16.98,19.15,19.15,13,20.82,16.68,25.29,12.96,24.33,20.12,13.36,5.59,15.62,22.41,15.32,21.48,25.12,22.16,11.42,14.62,24.98
2014-10-31,19.87,11.9,21.35,14.7,16.82,16.39,18.75,19.73,12.31,21.7,16.88,25.5,12.68,24.22,19.73,13.19,5.73,15.54,23.3,14.8,21.65,25.09,22.81,12.3,14.44,25.62
2014-11-28,18.81,12.18,21.59,14.91,17.31,17.07,19.76,19.93,12.24,22.26,17.34,26.42,12.87,23.74,20.46,12.8,5.8,16.1,23.36,15.04,22.02,26.03,23.49,13.03,14.67,25.94
2014-12-30,18.76,12.19,21.62,15.12,17.37,17.13,19.84,19.93,12.36,22.32,17.34,26.26,13.03,23.75,20.61,12.86,5.14,16.11,23.34,15.31,22.09,26.02,23.4,13.09,14.69,25.94
2015-01-30,19.75,10.36,21.15,15.6,17.77,18.14,21.42,20.12,12.93,22.44,17.05,26.11,12.71,22.15,22.39,12.76,5.62,16.23,24.52,14.62,23.8,24.03,22.96,13.32,14.69,25.11
2015-02-27,21.01,11.26,22.37,16.12,18.91,19.54,22.56,20.08,14.24,22.64,17.28,26.47,12.78,23.59,23.95,13.14,6.18,16.23,24.93,15.88,25.62,25.06,23.97,12.45,15.23,26.59
2015-03-31,20.85,10.93,21.91,16.48,19.1,20.18,24.03,19.63,14.37,21.68,19.18,28.26,13.1,23.62,25.22,13.18,5.48,16.13,23.78,15.99,25.04,26.18,23.44,11.63,14.78,25.74
2015-04-30,20.69,11.93,22.3,18.62,19.19,20.27,22.87,21.35,14.54,20.53,18.85,29.39,13.51,23.58,24.16,14.26,5.76,16.36,24.86,16.52,24.5,25.76,23.53,12.22,15.48,25.98
2015-05-29,20.52,11.17,22.49,17.61,19.24,20.12,22.27,20.63,14.93,21.27,18.97,30.29,13.12,23.96,24.68,13.67,5.56,15.68,23.09,16.35,24.34,26.34,25.33,11.96,15.57,26.26
2015-06-30,19.32,11.13,21.37,16.56,18.2,19.2,21.16,20.11,14.45,20.63,18.02,29.94,12.7,23.92,24,13.02,5.7,15.44,23.78,15.48,22.51,25.17,22.78,11.9,14.55,25.58
2015-07-31,20.33,10.74,21.27,14.71,18.98,20.19,21.79,20.24,15.05,21.27,20.22,30.16,12.04,23.67,25.41,12.23,5.66,14.91,23.35,15.96,23.86,26.99,21.22,11.6,14.94,26.05
2015-08-28,20.3,10.67,21.01,12.97,18.85,20.03,21.48,19.83,15.28,21.32,20.05,29,11.98,23.96,24.93,12.15,5.67,14.77,22.99,16.14,23.28,26.46,21.06,11.58,14.83,25.69
2015-09-30,17.6,9.27,19.27,12.11,16.94,18.09,18.56,16.32,14.04,19.73,17.7,25.04,11.58,22.58,22.14,11.26,5.33,13.1,21.35,13.56,20.72,23.99,19.45,10.35,13.58,23.69
2015-10-30,18.38,9.39,19.52,13.16,18.13,19.83,20.57,17.36,14.82,19.99,18.64,27.83,12.38,23.58,24.08,11.38,5.43,14.1,22.79,14.7,21.91,25.23,20.18,11.11,14.32,25.7
2015-11-30,17.91,9.48,19.74,12.75,18.32,20.15,21.36,16.86,14.92,19.32,18.12,27.5,12.16,22.96,24.16,10.55,5.7,13.58,22.16,14.52,22.27,25.48,19.59,10.32,14.19,25.46
2015-12-30,17.87,9.44,19.71,12.8,18.38,20.22,21.43,16.87,15.07,19.35,18.15,27.51,12.3,23.01,24.34,10.58,5.48,13.59,22.12,14.72,22.35,25.48,19.5,10.35,14.16,25.41
2016-01-29,17.24,8.39,18.37,11.4,16.9,18.19,18.58,15.48,12.88,18.62,17.52,24.8,11.52,23.04,22.72,10.05,5.49,12.53,20.77,12.51,20.12,23.86,18.58,10.01,13.46,23.58
2016-02-29,16.8,8.74,18.49,11.1,16.6,17.95,17.81,15.45,12.25,17.28,16.76,21.29,11.62,22.93,22.2,10.43,5.72,12.8,20.6,12.45,20.32,22.09,19.36,10.24,13.59,23.48
2016-03-31,17.86,10.22,19.55,12.36,17.21,18.77,19.13,16.85,12.31,18.73,16.51,23.14,12.27,24.39,23.45,11.39,5.94,13.58,21.41,12.79,20.33,22.97,19.94,10.97,13.98,24.86
2016-04-28,18.11,10.27,19.45,11.97,17.22,18.73,19.03,16.81,12.64,18.77,16.9,23.32,12.31,23.99,22.62,11.74,6.22,13.36,21.68,13.35,20.04,22.49,19.67,11.13,14.12,24.9
2016-05-31,19,9.88,20.66,11.73,17.86,19.2,19.26,16.68,13.15,19.49,16.91,23.65,12.05,23.79,23.17,10.56,5.91,12.99,21.87,14.07,20.28,24.25,20.63,10.37,14.53,25.38
2016-06-30,18.44,10.33,20.3,11.89,17.45,18.06,18.13,16.97,12.22,19.09,16.43,21.77,12.12,23.99,22.09,10.26,5.84,13.42,22.11,12.56,19.95,23.8,20.35,10.45,15.21,25.29
2016-07-29,19.64,11.58,21.06,12.27,18.13,18.83,19.34,18.15,12.62,20.13,17.13,23.24,12.36,24.17,23.16,10.28,6.02,13.3,22.84,13.13,21,24.19,21.16,10.19,15.71,26.29
2016-08-31,19.32,11.58,21.17,13.16,18.23,18.52,19.6,17.96,12.98,20.34,16.24,23.06,12.65,25.01,23.67,10.51,6.11,13.13,22.13,13.57,21.34,24.13,21.3,10.05,15.79,26.05
2016-09-30,19.25,11.49,21.72,12.96,18.58,19.22,19.68,17.84,12.68,20.01,15.81,23.29,12.6,24.6,24.53,10.12,6.11,13.5,21.72,13.53,21.91,24.31,21.7,9.74,16.31,26.28
2016-10-31,18.93,12.78,21.83,12.68,18.65,19.57,19.72,17.57,13.24,20.13,14.92,24.54,12.5,25.03,24.38,10.84,6.14,13.2,20.98,14.29,21.83,23.43,22.09,9.99,16.61,25.74
2016-11-30,19.24,12.5,22.73,12.59,18.32,19.9,19.39,17.54,13.15,19.13,13.94,25.19,12.46,23.59,23.81,10.49,6.67,14.07,19.99,13.18,22.12,23.5,21.43,9.32,16.06,26.33
2016-12-30,20.09,12.07,23,12.24,19.34,21.11,20.44,16.44,14.9,19.08,13.94,26,13.1,23.72,24.76,11.38,7.09,13.8,20.53,14.54,22.09,24.48,21.21,9.82,16.86,26.75
2017-01-31,19.96,12.8,22.58,13.2,19.27,20.66,20.62,17.73,14.66,19.75,14.04,26.17,13.18,24.63,24.85,12.26,7.01,14.51,20.59,14.48,22.8,24.87,21.4,10.63,16.57,27.08
2017-02-28,20.29,13.22,22.63,13.67,19.64,20.98,20.85,18.07,14.8,20.51,14.29,24.79,13.16,24,26.04,13.17,6.58,14.77,20.3,14.65,23.41,24.64,21.93,10.58,17.07,27.98
2017-03-31,21.31,12.82,22.9,13.99,20.68,22.55,22.92,18.65,15.16,20.96,14.76,25.7,13.67,25.12,27.95,12.53,6.48,15.11,19.9,15.91,23.99,26.58,21.79,10.65,17.28,27.74
2017-04-28,21.75,13,22.99,14.03,21.15,23.3,23.02,18.92,16.79,21.18,15.13,26.11,14.18,25,27.61,14.09,6.51,14.9,21.23,17.16,24.61,26.87,21.7,11.62,17.25,28.16
2017-05-31,20.63,12.49,22.96,14.58,21.65,23.22,22.85,19.17,17.86,21.68,14.94,26.01,14.86,24.58,27.58,13.46,6.06,15.15,21.4,17.38,24.09,27.81,23.57,11.57,18.22,28.36
2017-06-30,20.56,12.44,22.42,14.87,21.22,22.61,22.38,19.5,18.16,20.86,15.72,27.21,15.26,24.64,26.98,13.48,5.97,15.29,20.65,16.85,23.59,27.69,23.72,12.01,17.76,28.47
2017-07-31,20.76,13.18,22.47,16.13,21.32,22.4,22.05,20.24,18.52,22.55,15.69,27.25,15.28,25.22,28.12,13.91,6.24,15.85,22.24,16.95,22.98,28.18,23.77,12.7,17.91,29.15
2017-08-31,20.84,14.13,22.18,16.83,21.13,22,21.39,20.09,19.09,22.21,13.17,26.27,14.86,25.54,27.48,16.67,6.57,15.68,22.51,16.73,22.79,27.37,24,12.84,17.99,28.82
2017-09-30,20.4,14.67,23.14,16.41,21.98,23.7,23.01,19.23,20.06,21.65,14,27.74,15.26,24.81,29.35,14.35,6.82,15.69,21.82,16.97,24.23,28.85,23.37,11.6,17.9,29.65
2017-10-31,21.16,14.7,23.6,17.01,22.44,24.35,23.54,19.32,20.19,23.22,13.48,29.32,16.14,24.15,30.05,14.85,6.77,16.5,23.18,17.15,24.59,29.13,24.78,12.35,18.37,30.2
2017-11-30,21.1,14.56,23.96,17.36,21.85,23.87,23.12,20.17,19.83,22.95,13,28.86,15.66,23.04,28.76,13.97,7.17,17.11,24.32,16.38,23.37,29.24,23.54,11.58,17.78,30.7
2017-12-29,21.44,15.31,23.91,17.84,22.3,23.6,22.68,20.79,19.26,23.66,13.88,29.18,15.89,24,28.8,14.23,7.18,16.88,24,16.3,22.6,29.41,23.29,12.57,18.63,30.9
2018-01-31,21.29,17.04,23.09,20.25,22.33,24.26,23.36,21.7,21.29,24.14,14.4,29.63,16.03,24.81,30.35,15.16,7.96,17.52,23.43,17.15,23.52,29.34,24.17,12.94,18.05,32.36
2018-02-28,21.11,17.14,22.44,18.97,21.33,23.37,21.83,21.02,20.35,23.04,13.87,26.65,15.24,23.29,29.22,14.15,8.2,17.35,23.24,15.87,23.23,26.75,23.52,12.78,17.43,30.92
2018-03-31,20.44,17.22,22.48,18.37,21,23.05,21.99,19.91,19.07,22.2,13.52,26.95,15.1,23.36,29.83,12.78,8.01,17.27,20.83,14.94,22.92,27,23.23,12.12,16.84,29.61
2018-04-30,21.38,17.47,22.59,17.95,22.09,24.46,22.62,20.45,21.41,23.66,13.99,28.09,15.67,24.1,29.64,13.62,7.97,18.31,21.99,16.39,23.35,27.33,22.19,11.11,18.21,29.75
2018-05-31,21.2,15.56,23.57,18.08,21.94,23.81,22.2,20.26,20.52,23.22,14.87,26.96,14.76,22.39,28.72,12.75,7.95,17.19,20.87,15.41,22.41,26.4,23.89,10.44,18.84,30.04
2018-06-30,21.92,14.54,23.63,17.08,21.74,23.45,21.59,19.42,20.5,22.84,14.99,27.12,14.17,23.64,28.85,12.66,7.93,16.14,21.79,15.64,22.41,27.02,22.95,9.87,18.8,29.99
2018-07-31,22.36,15.86,23.98,16.64,22.43,24.24,22.46,19.69,20.55,24.68,15.68,27.47,13.9,24.25,30.13,13.63,8.18,16.32,21.8,16.06,23.4,28.77,23.87,9.5,19.04,31.05
2018-08-31,22.55,15.38,23.21,16,21.63,23.3,21.37,18.82,19.02,26.06,15.67,26.24,13.91,24,29.3,13.76,8.11,16,21.64,15.37,23.69,27.68,23.88,8.94,18.32,31.39
2018-09-28,21.62,15.83,23.23,15.25,21.81,24.19,21.27,18.16,19.6,24.22,15.89,27.72,13.79,23.55,28.91,13.63,8.53,16.54,20.67,15.4,23.76,27.28,23.83,9.49,18.45,31.7
2018-10-31,20.48,17.34,21.79,13.5,20.66,22.42,19.78,16.21,18.35,23.11,15,25.21,12.04,20.97,27.31,12.86,8.13,15.29,19.16,14.66,21.85,26.98,21.41,8.25,17.82,29.4
2018-11-30,19.82,17.99,22.44,14.5,20.26,22.07,19.21,17.55,18.32,24.19,15.65,24.64,12.19,20.02,27.86,13.35,8.22,15.61,19.53,15.61,20.74,26.79,20.97,8.61,17.33,29.27
2018-12-31,19.77,17.74,20.83,13.72,19.24,20.89,17.72,17.63,19.36,23.06,13.56,22.26,11.59,19.57,25.99,13.58,8.02,15.21,19.76,14.34,19.72,24.97,20.17,8.32,16.69,26.64
2019-01-31,20.44,19.69,22.46,15.21,20.35,22.03,18.76,19.03,19.8,22.99,14.94,23.44,12.79,20.77,27.67,14.17,8.73,15.8,20.63,15.2,21.55,26.83,20.56,9.54,17.26,28.74
2019-02-28,21.25,19.41,23.13,15.73,20.78,22.84,18.91,20,20.38,22.92,14.68,22.47,12.75,20.22,28.79,14.07,8.67,15.86,20.74,15.4,22.01,26.82,21.39,9.46,17.56,29.22
2019-03-31,21.45,18.9,23.08,16.14,20.92,22.92,19.17,19.76,20.19,23.56,15.07,22.48,12.34,20.13,28.23,13.44,8.59,16.12,20.16,15.62,22.75,26.98,21.66,8.46,17.73,29.16
2019-04-30,21.72,18.61,23.83,16.15,21.76,23.72,20.41,19.9,21.54,24.03,15.35,22.86,12.63,20.33,28.77,13.88,8.69,16.93,21.92,16.28,24.58,27.98,22.26,8.3,18.33,30.12
2019-05-31,21.94,18.54,22.63,13.92,20.52,22.13,19,18.06,19.58,24.09,13.87,20.37,11.75,19.38,26.63,12.95,8.6,15.39,20.6,15.37,21.4,27.38,20.69,7.91,17.49,27.6
2019-06-30,22.64,19.25,22.91,14.84,21.33,22.38,19.7,19.39,21.13,23.31,14.17,20.84,12.17,19.37,27.31,13.26,8.88,16.6,21.18,15.66,22.23,28.49,21.1,8.37,18.19,29.5
2019-07-31,23.19,19.57,22.92,14.75,21.43,23.27,19.44,18.68,20.76,21.78,14.36,20.99,11.61,18.29,28.24,12.93,8.88,16.6,20.44,15.26,22.09,28.72,21.52,8.92,18.54,29.83
2019-08-31,22.71,18.99,22.43,14.19,20.88,22.69,18.89,16.76,21.17,22.03,13.22,19.6,11.35,19.24,27.94,12.02,8.8,15.65,19.71,15.03,21.19,28.33,21.17,8.15,17.67,28.73
2019-09-30,22.45,19.36,22.68,13.64,21.22,23.32,19.48,16.1,21.04,22.51,13.54,20.49,11.87,19.49,28.69,12.25,8.7,15.65,19.42,15.71,21.83,28.21,21.12,8.63,17.7,29.16
2019-10-31,22.44,19.97,22.56,14.14,21.46,23.68,20.09,16.83,21.75,23.37,14.23,21.66,12.12,19.65,28.62,12.4,9.31,16.27,19.56,15.73,22.79,28.48,22.58,8.13,17.66,29.77
2019-11-30,22.77,20.42,22.98,14.39,21.81,24.54,20.57,16.72,21.33,23.34,14.71,21.52,12.21,19.64,29.76,12.01,9.21,16.07,19.2,15.64,22.12,29.24,22.88,8.71,17.89,30.22
2019-12-31,22.09,21.72,22.67,15.69,22.19,24.77,20.15,17.38,22.22,23.34,14.29,21.69,13.03,19.48,30.53,12.2,9.51,16.13,19.73,16.44,22.77,29.52,23.65,9.1,18.34,31
2020-01-31,23.17,21.24,22.87,15.2,21.79,24.15,19.71,16.56,21.88,22.9,14.85,21.31,12.69,19.8,29.85,11.71,9.47,15.71,19.37,16.09,23.13,29.72,22.63,9.21,17.7,30.91
2020-02-29,21.18,19.39,21.52,15.36,19.85,22.01,18.01,16.63,20.38,21.29,13.9,18.92,11.93,18.3,27.38,10.16,8.61,14.89,17.56,14.83,21.26,26.88,22.11,8.15,16,28.1
2020-03-31,16.7,13.4,17.91,14.17,17.09,17.74,15.17,14.09,16,16.58,12.37,17.49,10.67,15.36,23.27,8.41,7.54,12.24,14.57,11.56,18.4,25.35,19.16,6.79,13.69,24.29
2020-04-30,17.74,14.77,19.64,14.94,17.86,18.31,16.44,14.77,16.27,19.48,13.59,17.99,11.68,16.24,24.77,9.02,7.71,12.81,16.81,11.93,19.28,26.41,21.71,7.5,14.03,27.3
2020-05-31,18.34,16.63,20.72,14.79,18.6,19.11,17.72,13.58,17.56,18.71,15.01,19.52,12.21,16.61,26.25,9.71,8.06,12.61,16.6,12.31,20.59,27.23,21.24,7.75,14.51,29.04
2020-06-30,19.05,18.27,21.14,16.15,19.26,19.98,18.71,15.29,18.55,20.14,15.03,19.61,12.87,17.18,28,9.75,7.71,13.11,18.3,12.73,21.13,27.69,22.57,8.23,14.76,29.86
2020-07-31,19.46,19.46,21.61,17.68,18.73,19.35,18.62,15.06,18.66,20.27,15.48,18.65,13.69,16.56,27.67,9.64,8.6,12.75,18.64,12.11,21.17,27.48,25.62,7.57,13.88,31.19
2020-08-31,19.56,18.86,22.29,18.11,19.31,20.3,19.94,16.18,19.3,22.54,16.09,20.54,13.99,16.58,28.41,9.84,8.54,13.11,18.06,12.6,21.7,27.52,25.29,7.25,13.8,33.53
2020-09-30,19.22,18.07,21.83,17.62,19.62,20.37,19.7,15.4,18.55,22.49,14.78,20.63,14.11,16.87,28.76,9.3,8.37,12.73,17.75,12.1,22.25,27.91,25.64,7.64,14.14,32.07
2020-10-31,19.25,18.25,20.98,18.08,18.52,19.76,17.74,15.69,16.94,22.81,14.7,19.82,13.84,16.77,28.55,8.06,7.79,12.29,17.57,11.85,20.47,26.22,25.51,7.31,13.36,30.79
2020-11-30,21.15,20.78,22.66,18.67,21.09,23.78,18.94,17.16,21.91,24.86,15.91,22.43,15.62,18.72,32.46,10.03,8.95,14.32,18.22,15.32,22.93,28.37,27.1,8.28,15.12,34.29
2020-12-31,21.55,22.61,22.9,19.58,21.61,23.87,20.52,18.02,22.07,27.28,17.08,23.07,17.95,19.88,33.55,10.83,9.76,14.53,19,15.28,23.02,29.21,29.43,9.27,15.61,35.49
2021-01-31,21.28,21.53,22.83,21.04,20.89,23.12,20.24,18.38,20.04,26.63,17.38,22.84,18.73,19.01,34.01,10.76,9.74,14.64,19.95,14.28,22.9,28.19,31.21,8.79,15.23,34.81
2021-02-28,21.85,20.49,23.84,20.86,21.37,24.07,21.23,18.93,20.53,28.06,18.08,23.21,18.74,19.62,34.87,10.21,9.79,15.43,20,15.38,23.89,27.47,32.13,8.38,15.49,35.47
2021-03-31,22.5,20.77,24.56,19.04,22.88,25.69,22.22,19.23,23.16,28.87,17.73,24.34,18.84,20.6,36.82,10.6,10.35,16.42,20.37,16.58,26.44,29.23,32.51,7.75,16.33,36.8
2021-04-30,23.12,21.39,25.45,19.07,23.45,26.77,22.55,19.54,23.99,28.92,18.6,23.57,19.2,20.73,37.04,10.9,10,16.55,19.79,17.36,26.74,29.34,34.38,7.83,16.95,38.25
2021-05-31,23.64,21.58,25.61,19.04,23.63,27.23,22.47,20.1,24.75,30.43,18.18,23.75,18.94,21.56,37.26,12.32,10.52,16.6,20,17.73,25.39,30.02,32.47,7.88,17.1,37.67
2021-06-30,24.01,21.66,25.99,19.18,23.9,27.36,22.74,19.74,24.84,30.9,18.28,23.82,19.43,21.04,38.37,12.03,10.6,16.43,19.15,17.06,25.34,31.35,32.32,7.7,17.08,38.46
2021-07-30,24.24,20.59,26.38,16.54,24.23,28.14,22.72,19.44,26.67,31.56,18.51,23.31,18.89,21.01,39.87,12.29,10.69,16.83,18.87,17.23,26.2,31.33,31.3,7.8,17.1,38.62
2021-08-31,24.41,18.57,26.05,16.18,24.5,28.02,22.56,19.13,25.04,34.5,19.02,23.34,18.58,22.17,42.06,12.86,11.08,16.35,18.31,17.01,25.58,31.94,31.59,8.1,17.58,38.91
2021-09-30,23.41,17.17,25.06,15.37,23.57,26.91,21.66,18.03,24.69,35.06,18.45,24.37,17.55,21.32,39.33,12.55,11.7,16.48,17.74,16.77,24.08,29.8,30.39,7.52,17.29,37.11
2021-10-29,23.21,16.16,26.32,15.87,24.32,28.48,22.33,18.73,25.39,34.77,19.08,23.73,17.03,21.17,42.68,13.05,11.83,16.92,17.93,17.23,24.66,31.06,30.26,8.13,17.45,39.08
2021-11-30,22.7,15.18,25.3,15.02,23.25,27.56,20.86,17.32,24.21,33.56,18.28,22.66,15.86,20.24,41.44,11.86,10.86,15.84,17.8,15.4,24.28,30.94,29.77,9.32,16.79,37.87
2021-12-31,23.38,15.3,25.88,14.83,24.31,29.24,21.83,17.38,24.42,34.7,19.11,23.33,16.69,21.83,41.67,12.08,10.55,15.51,18.57,16.05,25.9,32.93,31.12,9.3,17.46,39
2022-01-31,21.52,16.3,25.78,14.46,23.11,28.39,21.24,17.54,23.98,32.76,17.51,21.54,15.2,20.55,36.8,11.93,9.97,15.33,19.12,15.59,23.22,30.33,30.61,8.95,17.41,36.31
2022-02-28,22.16,16.43,25.32,13.88,22.16,25.97,19.78,16.96,21.43,31.35,18.41,20.96,15.23,21.51,34.68,10.85,6.63,15.65,19.72,15.83,21.52,29.09,29.71,7.94,17.72,34.93
2022-03-31,23.56,17.04,25.74,12.82,22.31,26.08,19.64,16.83,20.93,33.12,18.24,21.82,15.14,22.69,32.92,11.18,0,15.6,19.76,15.62,21.63,29.36,28.75,8.62,17.99,35.68
2022-04-29,22.87,15.21,24.18,12.37,21.57,25.59,18.63,15.77,20.71,32,17.46,20.97,14.72,20.65,30.71,9.27,0,14.35,18.44,15.82,20.61,28.78,26.55,8.87,17.94,31.46
2022-05-31,22.41,14.95,24.03,12.54,21.38,25.33,18.78,16.23,20.82,30.31,16.36,20.88,14.4,20.7,30.68,9.13,0,13.88,18.33,16.28,21.42,27.32,26.4,8.34,17.65,31.23
2022-06-30,20.45,12.96,21.49,13.47,19.65,22.96,16.67,16.62,19.07,28.19,14.63,20.24,12.43,18.7,28,8.44,0,13.12,16.77,14.7,18.67,25.36,22.71,7.33,16.67,28.51
2022-07-29,21.11,13.64,22.26,12.18,20.63,24.89,17.35,15.99,19.33,30.73,15.16,21.3,13.08,18.68,31.81,8.34,0,13.68,16.66,14.56,20.56,26.21,22.97,7.46,17.03,30.79
2022-08-31,20.83,13.59,21.44,12.24,19.39,22.43,16.39,15.28,18.19,32.37,14.78,21.18,12.8,16.89,28.41,7.26,0,13.28,15.85,13.77,19.06,25.03,22.58,8.47,16.55,29.03
2022-09-30,19.12,13.78,20.49,10.29,17.98,21.39,15.40,13.48,16.63,30.76,14.14,19.41,11.11,16.82,26.18,6.51,0,13.00,14.93,12.78,17.63,23.45,19.73,8.04,15.25,26.48
2022-10-31,20.08,14.62,21.57,8.59,18.90,23.18,16.70,12.11,18.27,31.54,15.12,20.45,11.99,18.80,27.50,7.13,0,12.73,15.64,13.77,18.57,24.51,18.96,9.78,15.64,28.41
2022-11-30,21.30,13.68,22.43,11.04,19.84,24.51,18.48,15.00,18.65,32.43,14.30,20.41,12.93,19.45,31.49,7.89,0,13.82,17.36,14.28,19.50,25.28,21.70,11.06,16.22,29.18
2022-12-30,20.56,13.12,20.94,11.70,19.16,23.58,17.22,16.20,18.10,31.47,13.84,19.25,11.55,17.93,29.88,8.27,0,13.37,16.52,14.13,18.60,24.41,20.28,11.88,15.86,27.46
2023-01-31,21.59,13.54,22.47,13.03,20.55,25.86,18.92,16.88,19.08,30.21,14.13,20.09,12.63,20.32,33.40,8.74,0,14.04,17.77,15.35,20.19,25.83,22.19,10.99,16.50,29.23
2023-02-28,20.68,12.49,21.89,11.72,20.39,25.42,18.94,15.59,19.33,28.71,13.75,19.95,12.42,19.35,33.02,8.46,0,13.61,17.23,15.63,20.32,25.03,21.88,10.52,16.45,28.18
2023-03-31,20.67,11.91,21.61,12.37,20.24,25.17,19.68,15.74,17.05,28.54,14.54,20.21,12.78,19.75,33.33,7.75,0,14.45,16.38,14.99,20.12,24.96,22.61,9.37,15.97,29.06
2023-04-28,20.78,11.95,22.24,11.65,20.94,26.42,20.03,16.19,18.91,29.72,14.40,20.66,13.15,20.35,31.85,8.56,0,14.20,17.01,15.15,20.63,25.98,21.60,8.87,16.63,29.40
2023-05-31,20.04,12.03,20.80,10.71,19.99,24.66,19.53,14.54,17.91,30.64,14.14,21.16,13.79,19.37,32.49,8.43,0,13.32,15.79,14.79,19.76,24.52,23.15,8.89,15.61,28.83
2023-06-30,20.38,12.86,21.45,11.32,20.53,25.72,19.89,15.17,20.06,31.41,13.66,22.69,13.67,19.39,33.24,9.30,0,13.65,16.59,15.64,19.92,25.03,23.58,10.71,15.75,30.86
2023-07-31,20.81,13.42,22.01,12.40,20.71,26.00,20.12,15.51,20.49,32.09,14.50,23.25,14.08,19.69,33.88,9.82,0,14.59,17.42,15.72,19.46,25.03,23.50,12.85,15.96,31.85
2023-08-31,20.50,12.28,21.25,11.37,19.75,24.15,19.19,14.15,19.29,31.08,13.85,22.72,13.60,18.28,30.37,9.14,0,13.20,15.90,14.98,18.17,24.20,22.67,11.97,15.51,30.78
2023-09-29,19.52,12.40,20.39,10.96,19.29,23.60,18.57,13.11,18.37,31.64,14.25,22.39,13.01,17.74,28.49,8.47,0,13.34,15.19,14.91,17.88,23.54,21.91,11.96,15.55,29.34
2023-10-31,18.83,12.04,19.69,10.47,18.54,22.67,17.78,13.09,18.08,30.41,12.82,21.64,12.09,17.28,28.19,9.51,0,12.59,14.73,14.10,17.20,22.17,21.52,10.46,14.84,28.49
2023-11-30,19.59,13.21,21.05,10.63,19.53,23.92,19.66,13.02,18.90,32.06,13.98,22.42,13.66,19.23,31.16,9.66,0,12.49,16.00,15.45,18.24,23.28,23.06,10.51,15.06,30.51
2023-12-29,21.02,13.75,21.56,10.50,20.10,24.80,19.47,13.72,19.39,34.75,14.80,22.23,14.28,20.02,32.94,10.31,0,13.25,16.27,15.56,19.64,23.91,23.90,9.98,15.62,31.96
2024-01-31,21.32,13.17,21.62,9.53,20.33,25.26,19.54,12.40,18.91,35.45,15.10,24.10,13.31,19.95,35.24,10.11,0,12.74,15.68,15.52,19.61,24.34,24.00,11.13,15.48,32.38
2024-02-29,21.25,13.26,22.09,10.31,20.43,25.02,20.30,12.98,19.66,36.10,15.78,25.00,14.34,18.99,36.87,10.87,0,12.99,15.12,14.92,20.18,24.13,25.36,10.56,15.34,33.66
2024-03-29,22.08,12.94,22.58,10.55,21.17,25.29,21.47,11.95,19.39,36.24,17.18,25.79,15.05,19.67,37.79,10.52,0,13.77,15.17,16.67,21.14,24.62,27.57,10.16,16.02,34.57
2024-04-30,21.23,12.72,22.04,11.15,21.20,25.49,20.81,12.85,20.13,37.12,16.16,25.44,14.72,19.51,35.86,10.99,0,14.34,15.66,16.32,20.98,24.07,27.29,11.36,16.52,33.03
2024-05-31,21.34,12.12,22.58,11.46,21.45,25.20,21.13,13.09,19.96,36.91,16.65,25.24,14.18,18.81,36.73,11.18,0,14.71,15.57,16.72,21.24,24.62,28.46,11.47,16.83,33.74
2024-06-28,21.62,12.05,22.02,11.35,21.16,23.62,20.79,12.31,19.68,38.97,15.96,25.44,15.29,17.68,38.22,11.78,0,14.91,16.53,15.97,20.66,24.92,31.32,11.38,16.61,35.04
2024-07-31,22.31,12.49,23.35,11.12,21.27,23.96,20.84,12.32,19.69,40.25,16.39,25.50,15.26,18.13,36.28,10.97,0,15.17,17.00,16.24,21.07,25.54,29.72,11.29,16.93,35.43
2024-08-30,22.19,12.93,23.43,11.17,21.10,23.36,21.04,12.81,20.12,40.50,16.73,24.17,14.54,17.49,35.27,10.74,0,15.23,16.92,16.20,20.21,25.39,29.73,9.79,16.98,35.70
2024-09-30,22.43,12.52,24.02,13.67,20.86,23.76,21.64,14.80,19.55,41.48,17.46,23.11,13.47,17.81,34.25,10.34,0,16.36,17.71,16.93,20.74,24.84,29.67,9.73,16.30,36.59
2024-10-31,22.27,12.48,24.27,12.91,20.25,22.95,21.24,14.14,19.60,37.36,17.67,23.65,13.17,17.32,31.16,9.81,0,16.08,17.67,16.57,19.80,23.96,31.09,8.79,16.06,36.12
2024-11-29,23.00,11.58,25.52,12.33,20.25,22.54,22.08,13.64,18.56,36.75,18.40,23.02,12.62,16.92,31.90,9.58,0,17.54,17.42,16.08,19.66,23.99,29.53,9.04,16.26,37.69
2024-12-31,22.26,10.75,24.63,12.82,20.00,23.07,21.49,13.55,18.90,36.63,19.39,23.71,11.98,16.49,32.24,9.66,0,17.56,16.88,16.02,19.27,23.77,31.12,9.22,15.97,36.69
2025-01-31,23.29,11.51,25.55,13.11,21.31,24.86,23.33,13.28,19.54,35.75,20.08,23.58,12.51,17.03,33.43,10.78,0,18.19,17.66,17.10,21.63,25.77,31.49,9.55,17.04,37.60
2025-02-28,22.09,11.04,25.48,14.58,21.58,24.31,24.10,14.09,20.45,33.19,19.30,22.16,12.59,17.29,33.16,11.55,0,18.66,17.48,18.09,22.30,26.28,29.87,8.56,17.09,36.43
2025-03-31,21.39,11.52,24.35,15.04,20.64,23.03,23.80,13.93,19.03,35.21,19.99,21.91,12.21,17.41,30.80,11.54,0,19.26,18.00,18.15,20.40,25.35,26.81,8.01,16.65,34.06
2025-04-30,22.13,11.77,24.38,14.08,20.70,23.22,24.17,14.21,20.00,36.55,20.84,21.95,12.51,18.91,30.20,11.98,0,18.84,18.98,18.53,20.46,24.75,26.01,7.47,16.60,33.89
2025-05-30,22.85,11.60,25.46,14.59,21.28,23.38,25.61,15.84,20.98,36.97,21.93,23.00,12.93,19.25,32.35,12.61,0,19.72,19.23,19.38,21.17,24.36,27.30,7.25,16.96,35.15
2025-06-30,23.14,11.73,25.93,15.27,21.17,23.20,25.10,16.75,21.23,37.30,21.82,23.27,14.84,18.75,32.51,13.20,0,19.95,19.83,19.11,21.42,24.18,28.90,8.16,16.84,37.04
2025-07-31,23.50,11.16,26.37,15.95,21.25,23.47,25.10,17.55,21.54,36.03,20.55,24.24,15.86,18.65,31.42,13.57,0,20.64,19.83,19.79,21.16,23.99,30.54,8.80,17.48,37.70
2025-08-29,23.88,11.47,27.12,16.54,21.11,22.52,24.69,17.62,21.83,35.72,20.55,25.00,15.72,18.44,30.23,12.92,0,21.35,20.15,20.21,20.92,24.22,30.65,8.68,17.60,37.70
