Date,ACWI,ACWI ex USA,AC ASIA,AC EUROPE,AC PACIFIC,AC FAR EAST,AC ASIA PACIFIC,AC AMERICAS,WORLD,WORLD ex USA,EAFE,EM (EMERGING MARKETS),NORDIC COUNTRIES,FAR EAST,PACIFIC,NORTH AMERICA,ACWI SMALL CAP,ACWI ex USA SMALL CAP Small Cap,WORLD SMALL CAP,WORLD ex USA SMALL CAP Small Cap,EAFE SMALL CAP,EM (EMERGING MARKETS) SMALL CAP,NORDIC COUNTRIES SMALL CAP Small Cap,FAR EAST SMALL CAP,PACIFIC SMALL CAP,NORTH AMERICA SMALL CAP
2000-12-29,100.000,100.000,100.000,100.000,100.000,100.000,100.000,100.000,100.000,100.000,100.000,100.000,100.000,100.000,100.000,100.000,100.000,100.000,100.000,100.000,100.000,100.000,100.000,100.000,100.000,100.000
2001-01-31,103.495,102.466,103.528,101.107,103.520,103.359,103.671,104.940,102.901,101.143,100.905,114.847,98.579,100.160,100.657,104.677,105.388,103.379,104.699,103.932,103.994,111.291,108.161,100.616,100.921,105.728
2001-02-28,95.834,95.411,99.912,93.111,99.870,99.718,100.044,96.276,95.253,94.181,94.391,107.036,80.102,97.009,97.448,96.024,100.569,101.202,102.796,102.784,103.064,108.781,100.636,103.773,102.580,102.432
2001-03-30,92.946,92.193,98.310,89.637,98.199,98.507,98.026,93.634,92.564,91.331,91.647,100.360,73.635,96.705,96.528,93.381,97.393,97.392,101.018,99.381,99.014,105.550,94.962,102.497,100.554,104.050
2001-04-30,99.389,98.128,102.905,95.836,103.501,103.301,103.132,100.555,99.102,97.404,97.733,105.004,86.839,102.254,102.586,100.316,103.771,102.592,108.664,107.673,107.144,106.550,101.318,115.056,111.960,110.962
2001-05-31,102.736,99.727,107.395,95.395,107.956,107.702,107.668,105.880,102.305,98.526,98.617,111.102,84.862,106.488,106.899,105.564,110.646,107.627,114.883,112.763,111.803,113.290,106.270,119.940,116.838,119.477
2001-06-29,99.682,95.983,102.110,91.887,103.417,102.406,103.118,103.538,99.208,94.625,94.701,108.916,76.712,100.571,101.910,103.190,109.834,103.693,114.735,109.681,108.610,111.399,98.491,117.673,115.808,124.101
2001-07-31,94.906,90.790,92.388,89.002,93.657,92.583,93.450,99.104,94.705,89.946,89.960,98.675,74.317,90.795,92.201,98.899,102.051,96.491,107.320,101.867,100.756,101.278,96.525,104.593,104.336,117.395
2001-08-31,87.185,85.261,86.989,83.521,88.410,87.151,88.229,89.197,86.831,84.325,84.456,94.094,63.988,85.065,86.712,88.940,96.913,93.399,103.150,99.019,98.103,98.534,91.045,101.323,101.914,110.835
2001-09-28,78.994,76.000,77.135,74.929,78.319,77.346,78.099,81.896,78.964,75.619,75.706,79.312,57.248,76.172,77.402,81.844,84.265,81.592,89.380,85.990,84.732,85.464,79.365,91.622,91.939,96.465
2001-10-31,81.556,78.998,78.969,78.281,80.623,79.051,80.506,83.997,81.365,78.331,78.507,85.165,64.459,77.093,79.086,83.895,89.546,85.937,96.412,91.247,90.050,89.320,84.898,94.954,96.306,105.385
2001-11-30,87.065,83.099,82.950,81.986,84.858,82.921,84.835,90.984,86.681,81.897,81.887,94.613,71.171,79.266,81.841,90.907,95.178,89.722,103.090,95.424,94.074,98.965,91.511,92.974,95.784,114.858
2001-12-31,88.350,84.633,81.172,84.617,83.362,81.095,83.376,92.230,87.702,82.880,82.832,102.684,74.793,75.505,78.658,91.993,98.524,90.027,106.313,94.238,92.250,105.667,94.750,84.198,88.820,123.136
2002-01-31,88.855,83.777,80.366,83.088,82.897,80.157,83.021,94.063,87.950,81.360,81.118,109.786,71.141,72.979,76.834,93.799,100.988,92.559,107.694,95.631,93.165,115.261,99.731,82.681,88.875,125.012
2002-02-28,87.758,83.973,82.406,82.574,84.678,82.124,84.872,91.871,86.763,81.468,81.300,111.037,70.556,74.860,78.515,91.520,100.021,93.386,106.261,96.696,94.264,115.185,102.548,85.795,91.600,121.049
2002-03-29,90.912,87.744,86.639,86.362,88.883,86.477,88.970,94.476,89.817,85.071,84.971,116.683,72.153,78.480,82.046,94.099,105.899,97.761,113.534,102.162,99.566,123.236,107.584,90.624,96.479,130.454
2002-04-30,85.195,85.455,87.464,83.050,89.326,87.469,89.271,85.795,84.001,82.848,82.810,113.691,62.478,80.112,82.990,85.366,104.209,97.492,111.649,102.170,99.871,120.667,107.640,93.193,97.491,126.395
2002-05-31,82.236,83.254,87.388,79.843,89.698,87.582,89.467,82.075,81.155,80.955,80.883,107.884,58.956,81.181,84.251,81.781,100.681,97.444,107.377,103.147,100.598,113.937,107.377,98.017,102.920,117.205
2002-06-28,73.018,75.327,78.406,72.839,80.440,78.496,80.307,71.696,72.100,73.467,73.468,94.372,55.408,72.725,75.533,71.497,89.875,88.151,96.287,93.573,91.599,99.675,99.696,88.905,93.376,103.712
2002-07-31,67.369,68.477,74.130,65.241,75.915,74.221,75.785,66.824,66.501,66.649,66.702,87.797,48.114,68.425,70.962,66.708,81.560,81.589,86.443,86.603,85.148,97.663,89.119,86.331,90.189,90.208
2002-08-30,67.498,68.445,73.178,65.232,75.236,73.192,75.171,67.173,66.594,66.525,66.530,89.112,48.863,67.525,70.431,66.993,81.433,80.927,86.002,85.569,84.026,97.527,84.888,84.133,89.283,90.426
2002-09-30,59.614,60.708,68.108,56.289,70.086,68.105,70.039,59.137,58.809,59.015,58.931,78.887,43.005,63.733,66.415,59.034,74.082,72.996,78.873,78.376,76.857,85.662,75.496,79.571,84.599,83.134
2002-10-31,63.854,63.827,65.306,61.599,68.043,65.259,68.025,64.242,63.012,61.987,61.970,83.839,49.467,59.953,63.632,64.097,75.798,73.978,79.649,77.572,75.741,89.940,80.093,72.423,78.826,85.773
2002-11-29,67.022,66.589,67.871,64.357,70.480,67.768,70.513,67.748,66.103,64.551,64.493,89.208,55.117,61.977,65.636,67.612,80.233,76.772,83.757,79.390,77.572,95.376,86.206,72.945,79.429,92.208
2002-12-31,60.483,61.076,62.046,58.779,64.521,61.845,64.644,60.495,59.616,59.211,59.079,81.749,47.059,57.038,60.540,60.315,73.805,72.030,75.764,74.028,72.155,88.357,79.831,67.570,74.485,81.532
2003-01-31,57.385,57.604,59.002,54.755,61.797,58.829,61.892,57.797,56.501,55.677,55.341,79.562,43.451,53.666,57.535,57.636,70.822,69.629,72.745,71.588,69.537,89.114,75.745,65.872,73.346,78.041
2003-02-28,56.131,56.200,58.319,52.820,61.005,58.128,61.118,56.772,55.291,54.361,53.856,77.017,41.904,53.667,57.352,56.618,69.218,68.439,71.184,70.780,68.696,86.239,71.802,68.498,75.230,75.747
2003-03-31,55.202,54.395,54.968,51.351,58.246,54.807,58.324,56.556,54.432,52.659,52.149,73.899,41.929,50.642,54.910,56.367,68.460,66.901,70.422,69.234,67.395,81.913,70.636,66.400,73.410,75.474
2003-04-30,58.759,58.257,53.903,57.021,57.843,53.788,57.873,59.915,57.939,56.430,55.988,78.683,48.613,49.181,54.183,59.652,73.084,71.561,75.941,73.901,72.084,85.796,77.890,66.654,74.533,81.941
2003-05-30,58.961,58.752,54.164,57.651,57.888,54.030,57.937,59.928,58.106,56.865,56.344,79.997,48.625,49.117,53.937,59.683,75.826,74.106,79.559,76.320,74.240,88.936,79.900,66.670,74.501,87.035
2003-06-30,61.518,61.807,59.394,59.622,63.115,59.184,63.230,62.160,60.535,59.657,59.102,86.578,48.872,53.772,58.732,61.895,79.887,79.073,84.121,82.245,80.090,96.831,83.021,75.374,83.458,90.517
2003-07-31,64.138,64.727,63.799,62.027,67.180,63.555,67.328,64.555,63.008,62.261,61.759,93.824,50.771,57.237,61.969,64.255,84.833,83.476,89.260,86.443,84.246,104.602,87.902,78.368,86.418,96.737
2003-08-29,67.290,68.322,71.757,63.583,74.745,71.446,74.953,67.503,65.982,65.475,64.843,102.624,54.294,64.789,69.204,67.170,91.172,89.979,97.234,94.453,92.069,112.991,95.246,90.147,97.676,105.101
2003-09-30,63.824,66.203,70.672,61.188,73.552,70.358,73.765,62.996,62.581,63.580,63.017,97.455,51.408,64.630,68.823,62.648,87.251,89.063,93.365,94.137,91.976,107.542,94.669,91.359,98.955,97.613
2003-10-31,67.797,70.614,74.809,65.330,78.079,74.421,78.350,66.727,66.405,67.681,67.062,105.933,56.279,67.724,72.540,66.341,94.148,95.857,101.770,101.822,99.486,116.051,104.306,98.139,106.714,107.111
2003-11-28,66.735,69.964,70.688,66.030,73.987,70.250,74.304,65.390,65.373,67.124,66.483,103.984,56.588,63.818,68.690,64.987,93.440,93.690,100.460,98.834,96.086,116.024,107.380,89.218,98.284,107.688
2003-12-31,67.422,71.560,71.651,67.936,75.067,71.080,75.498,65.400,66.019,68.682,68.117,105.975,56.133,64.596,69.748,64.944,92.518,94.426,99.458,99.658,96.858,117.915,107.962,90.745,99.897,104.936
2004-01-30,69.612,73.814,74.938,69.806,78.236,74.426,78.617,67.551,68.107,70.706,70.139,111.357,60.731,67.198,72.242,67.091,97.355,99.530,105.318,105.538,103.341,122.941,114.447,96.413,105.272,110.376
2004-02-27,70.861,75.665,75.508,71.894,79.290,75.022,79.640,68.394,69.236,72.321,71.747,116.445,64.445,67.195,72.814,67.891,99.756,102.861,107.465,108.716,106.257,128.682,120.304,96.468,106.121,111.856
2004-03-31,71.236,76.943,83.104,70.567,86.448,82.673,86.753,68.095,69.538,73.487,72.949,119.205,63.295,75.730,80.702,67.562,102.963,107.714,111.677,114.156,111.780,130.672,118.844,112.551,120.381,114.939
2004-04-30,71.312,76.369,80.558,71.596,83.677,80.070,84.036,68.396,69.826,73.363,73.092,112.197,59.704,73.547,78.285,67.955,101.205,106.709,109.267,112.848,111.102,125.694,119.607,111.304,118.555,110.798
2004-05-31,70.548,75.139,76.340,71.370,79.947,76.084,80.096,68.023,69.170,72.354,71.993,107.941,59.223,69.880,74.866,67.604,99.812,103.464,107.719,109.583,107.297,117.571,120.061,104.467,112.163,111.364
2004-06-30,72.209,77.022,79.446,72.600,82.834,79.229,82.950,69.621,70.851,74.299,73.842,108.802,61.736,73.591,78.232,69.179,103.962,107.955,112.904,115.543,113.489,117.642,124.651,114.398,120.896,115.746
2004-07-30,70.636,75.551,76.324,71.352,80.041,75.945,80.297,68.117,69.261,72.793,72.200,107.937,58.632,70.475,75.639,67.616,100.102,104.822,108.212,111.613,109.500,116.245,122.043,107.773,116.220,110.248
2004-08-31,70.403,75.426,76.983,70.791,80.754,76.630,80.986,67.818,68.916,72.413,71.841,111.364,58.998,70.642,75.894,67.278,99.458,104.741,107.052,111.143,109.250,119.649,122.881,108.052,117.110,108.196
2004-09-30,70.319,76.166,74.834,72.091,79.195,74.361,79.527,67.334,68.710,72.922,72.134,115.256,62.827,67.859,73.950,66.729,100.902,106.061,108.571,111.729,109.419,124.357,130.337,103.576,114.324,111.029
2004-10-29,70.336,76.948,74.566,72.957,79.325,74.071,79.671,66.899,68.728,73.758,72.832,115.223,63.265,67.806,74.338,66.282,100.981,106.604,109.093,113.126,110.839,124.513,131.999,103.152,115.376,110.728
2004-11-30,70.989,78.740,75.624,74.888,80.660,75.027,81.093,66.676,69.236,75.289,74.470,120.490,67.159,68.177,75.188,66.012,104.075,110.130,112.730,116.933,114.526,131.480,145.676,103.788,116.494,114.428
2004-12-31,72.097,80.289,77.278,76.346,82.344,76.618,82.833,67.447,70.282,76.727,76.009,123.471,66.386,69.904,77.007,66.721,106.274,113.298,114.731,119.665,117.547,136.495,148.134,106.045,119.181,115.578
2005-01-31,73.583,82.267,79.416,78.185,84.885,78.738,85.384,68.523,71.635,78.430,77.803,129.074,66.546,71.206,78.861,67.776,109.765,119.651,118.113,126.700,124.992,142.832,152.491,113.880,127.432,115.421
2005-02-28,74.768,84.755,80.437,80.751,86.265,79.747,86.769,68.945,72.579,80.450,79.709,137.819,70.240,71.400,79.549,68.058,111.658,123.053,119.745,129.716,127.682,151.394,162.445,114.691,128.069,116.154
2005-03-31,74.679,84.181,79.810,80.274,85.415,79.135,85.909,69.280,72.687,80.300,79.363,131.454,69.792,71.388,79.213,68.481,111.364,122.439,119.457,130.324,128.232,145.948,163.876,116.507,129.340,115.109
2005-04-29,73.524,82.575,78.588,78.729,84.253,77.983,84.683,68.309,71.583,78.780,78.020,128.788,68.824,70.424,78.220,67.535,108.046,119.500,115.502,127.507,126.044,142.438,161.216,116.819,128.799,109.461
2005-05-31,78.306,86.793,82.358,82.633,88.083,81.567,88.678,73.730,76.171,82.516,81.610,139.336,74.373,73.060,81.223,72.840,116.639,125.433,124.486,133.624,131.759,152.127,174.939,120.624,133.586,121.611
2005-06-30,80.671,90.149,84.701,85.517,91.064,83.716,91.824,75.647,78.359,85.534,84.339,146.938,76.744,74.684,83.843,74.672,122.437,131.176,130.696,139.899,137.983,161.042,184.793,124.994,139.866,128.004
2005-07-29,83.379,93.153,86.773,88.454,93.180,85.709,94.010,78.321,80.829,88.005,86.638,156.691,79.375,75.617,85.011,77.269,128.009,135.927,137.008,145.497,143.742,169.109,197.100,128.242,143.937,135.026
2005-08-31,82.974,94.327,88.772,88.818,95.001,87.753,95.792,76.990,80.432,89.317,87.730,156.080,80.037,79.116,88.126,75.858,127.102,137.832,136.676,148.109,146.071,166.874,201.496,129.858,145.445,132.206
2005-09-30,87.186,101.164,98.486,93.004,105.133,97.336,106.033,79.680,84.177,95.268,93.477,174.037,84.682,88.378,98.040,78.258,132.765,146.575,142.943,157.205,155.108,181.640,213.891,140.015,157.074,136.102
2005-10-31,85.397,98.117,96.288,90.545,102.461,95.350,103.177,78.516,82.677,92.798,91.345,163.735,80.965,87.506,96.286,77.180,129.033,142.223,139.075,152.478,151.025,172.337,197.888,142.148,157.325,132.324
2005-11-30,89.918,103.007,102.909,93.689,109.143,101.792,110.017,83.077,86.794,96.774,95.071,180.107,83.404,92.615,101.783,81.585,136.820,150.194,147.035,160.073,158.373,190.809,205.010,150.684,166.434,141.084
2005-12-30,92.083,107.898,110.913,96.943,116.733,109.664,117.730,83.283,88.672,101.210,99.445,190.655,88.470,99.938,108.827,81.772,141.451,160.122,152.973,172.428,170.934,203.172,224.161,169.105,183.700,141.332
2006-01-31,93.851,112.102,113.888,100.527,119.974,112.547,121.048,83.686,89.980,104.532,102.530,205.885,90.775,102.012,111.380,81.878,147.546,167.193,159.838,179.435,177.382,213.574,238.701,170.188,185.245,148.759
2006-02-28,95.446,113.825,115.325,102.614,121.214,113.848,122.415,85.184,91.508,106.107,104.195,209.444,93.314,103.190,112.499,83.319,149.835,169.982,161.488,180.459,178.458,219.435,250.727,164.073,179.948,150.958
2006-03-31,96.012,115.350,116.253,104.826,121.671,114.531,123.103,84.891,92.137,107.853,106.037,208.164,100.310,104.155,113.183,83.120,153.473,174.336,166.490,186.148,184.252,220.463,271.251,168.980,185.122,155.396
2006-04-28,95.310,116.461,116.245,106.003,122.441,114.553,123.833,82.941,91.204,108.569,106.735,214.225,102.026,103.237,113.199,81.062,151.716,176.280,164.110,187.157,184.689,226.789,285.444,163.835,181.544,150.447
2006-05-31,89.785,108.831,106.467,100.752,112.542,105.185,113.566,78.630,86.387,102.428,100.610,188.074,94.166,94.923,104.190,77.113,141.291,163.675,151.911,173.400,170.729,202.744,269.262,147.848,165.198,139.483
2006-06-30,90.153,109.169,106.005,101.541,112.169,104.638,113.270,79.041,86.754,102.760,101.059,188.465,93.274,94.476,103.934,77.426,140.025,160.405,150.207,169.946,167.741,192.261,260.926,144.074,161.605,138.878
2006-07-31,90.946,110.480,105.852,103.433,112.222,104.469,113.336,79.494,87.466,103.926,102.260,191.500,92.945,94.292,104.008,77.812,137.602,159.141,146.293,166.120,163.529,194.903,257.346,136.036,154.517,135.117
2006-08-31,93.019,113.230,107.775,106.337,114.177,106.151,115.509,81.167,89.463,106.554,104.751,195.780,95.883,95.591,105.653,79.483,140.802,163.588,149.919,170.456,167.594,200.341,261.721,139.346,158.401,138.457
2006-09-29,95.091,114.471,108.917,108.098,114.922,107.003,116.524,83.724,91.481,107.586,106.015,199.483,97.396,95.309,105.340,82.017,143.396,166.445,151.984,171.782,170.002,209.017,266.222,138.805,158.286,140.277
2006-10-31,97.916,118.225,110.444,111.922,117.311,108.336,119.076,86.087,94.125,110.997,109.310,207.386,102.220,96.447,107.708,84.231,148.829,172.439,157.454,177.258,174.907,219.251,278.561,137.871,159.492,146.415
2006-11-30,96.947,117.939,109.593,111.814,116.469,107.412,118.301,84.619,92.851,110.060,108.398,214.530,103.371,94.032,105.510,82.705,149.527,174.634,156.884,178.021,175.648,229.363,291.920,133.133,155.475,144.641
2006-12-29,99.629,122.239,113.597,116.021,120.787,111.350,122.673,86.105,95.234,113.809,112.386,225.363,110.208,97.249,109.224,84.005,153.076,181.699,160.372,184.250,182.428,240.534,308.362,135.455,158.801,145.323
2007-01-31,102.107,124.491,115.428,118.264,122.639,113.026,124.665,88.814,97.782,116.195,114.818,226.278,114.700,99.687,111.799,86.645,158.469,187.038,165.692,190.787,188.998,243.907,315.878,141.336,164.589,149.691
2007-02-28,99.916,123.194,116.429,115.845,124.258,114.471,125.869,85.834,95.690,115.218,113.860,221.274,111.154,101.421,113.710,83.765,157.526,187.316,164.257,190.974,189.030,246.336,308.007,144.072,167.204,146.888
2007-03-30,101.139,125.635,115.448,119.213,124.060,113.381,125.758,86.330,96.695,117.265,115.868,228.291,116.434,99.769,113.138,84.087,160.369,192.971,167.030,195.793,193.551,256.409,318.887,142.898,167.661,148.167
2007-04-30,103.028,128.155,112.977,123.541,122.026,110.500,124.093,87.923,98.475,119.584,118.037,233.234,123.995,95.949,110.384,85.610,162.400,196.798,168.213,198.336,195.788,268.075,330.943,138.522,165.502,148.446
2007-05-31,107.597,133.369,118.206,127.247,127.193,115.450,129.511,92.761,102.670,123.972,121.810,248.027,127.860,99.058,113.894,90.115,170.568,204.911,174.964,204.124,199.998,295.213,340.461,138.975,167.555,157.673
2007-06-29,106.892,133.970,119.850,127.140,129.169,117.094,131.483,91.097,101.508,123.646,121.517,258.712,127.384,98.581,113.990,88.355,168.786,204.721,172.977,202.940,198.830,307.190,335.272,140.022,169.227,154.904
2007-07-31,103.852,131.778,121.526,123.130,130.002,118.578,132.504,87.412,97.933,120.307,118.126,268.721,126.595,97.656,112.507,84.635,162.837,203.934,164.983,198.995,195.410,327.755,324.107,138.560,166.912,142.607
2007-08-31,103.990,130.252,119.249,122.082,127.646,116.416,130.045,88.800,98.261,119.053,116.758,264.091,125.622,95.411,110.043,86.126,160.491,195.542,160.937,189.274,186.086,312.593,309.062,130.773,157.180,143.130
2007-09-28,105.035,133.101,121.703,123.156,131.349,118.325,134.226,88.974,98.671,120.606,117.910,281.111,131.470,94.888,111.818,86.028,158.639,194.813,157.466,185.533,180.341,321.549,307.663,125.967,154.962,141.571
2007-10-31,107.277,138.126,125.050,126.999,134.917,120.906,138.490,89.793,99.968,123.708,120.459,307.148,130.897,94.069,112.430,86.475,162.824,202.732,162.351,194.692,188.320,337.973,316.594,128.507,159.716,143.864
2007-11-30,101.060,129.992,117.104,121.303,125.632,113.036,129.162,84.173,94.503,117.162,114.824,281.268,122.196,90.588,106.949,81.097,149.072,184.446,147.906,176.127,172.258,303.325,286.476,120.609,148.481,130.440
2007-12-31,100.337,128.609,114.858,119.961,122.398,110.245,126.448,84.270,93.654,115.416,112.685,283.379,120.509,87.893,103.731,81.125,147.488,181.512,145.781,171.645,166.915,308.622,282.279,115.284,142.775,130.488
2008-01-31,90.965,114.690,103.257,105.730,110.322,99.461,113.635,78.111,85.413,103.694,100.994,244.908,104.615,81.859,95.822,75.200,133.491,160.597,132.538,153.064,148.738,261.247,240.127,105.638,129.402,120.634
2008-02-29,88.969,115.062,103.708,105.009,111.060,100.187,114.115,74.749,82.821,102.965,99.910,256.489,109.383,80.277,94.435,71.562,131.741,164.595,130.304,156.371,151.221,272.958,255.462,104.637,129.838,115.287
2008-03-31,83.987,107.814,94.382,100.873,101.358,91.587,103.758,70.895,78.588,97.239,94.713,232.728,104.213,73.850,86.555,67.968,124.252,154.328,123.579,148.161,144.405,244.968,249.713,98.924,121.524,108.696
2008-04-30,90.247,116.371,103.423,107.241,111.035,100.210,113.802,76.013,84.187,104.467,101.627,256.084,109.379,80.654,94.727,72.699,131.849,161.580,130.842,154.461,150.383,261.942,255.852,102.743,127.618,116.737
2008-05-30,91.826,118.431,103.427,108.541,111.991,100.778,114.222,78.020,85.628,106.247,102.805,261.313,113.138,82.535,96.960,74.323,136.040,163.700,135.801,157.870,153.184,257.243,263.070,105.717,130.850,123.057
2008-06-30,83.136,107.214,92.725,97.829,101.335,90.843,102.864,70.969,77.723,96.648,93.109,232.036,98.731,75.548,88.920,67.600,122.767,147.561,123.128,143.683,138.665,223.384,233.638,97.372,118.930,111.711
2008-07-31,81.771,104.367,91.458,95.695,98.887,89.267,100.725,70.126,76.567,94.122,91.004,225.473,97.333,73.920,86.259,67.080,121.703,142.381,122.102,137.776,133.624,220.823,222.039,94.680,115.647,113.037
2008-08-29,84.791,105.429,91.820,96.889,99.272,89.452,101.271,74.679,80.004,95.891,92.535,219.864,98.138,74.974,87.480,71.809,127.907,144.199,129.313,140.612,136.172,217.059,226.035,94.955,115.680,122.813
2008-09-30,77.764,93.904,83.223,85.956,89.547,81.290,91.172,70.308,73.881,85.995,82.965,190.117,79.706,69.216,79.694,67.995,115.294,123.683,117.520,121.455,118.247,180.939,172.930,88.670,105.728,114.776
2008-10-31,69.072,81.116,74.969,74.353,80.024,73.622,81.140,63.399,66.323,75.443,73.358,152.961,66.038,64.423,72.484,61.791,97.913,101.696,100.710,101.328,99.886,139.854,133.940,85.117,96.447,99.188
2008-11-28,64.491,76.372,72.614,68.963,77.225,71.530,78.110,58.729,61.988,71.304,69.347,141.352,61.179,63.564,70.689,57.219,89.741,96.529,92.080,96.353,95.402,131.644,118.758,87.874,97.143,88.441
2008-12-31,61.004,73.688,72.118,66.077,76.480,71.064,77.343,54.142,58.401,68.521,67.109,139.096,58.915,62.525,69.366,52.707,87.359,95.009,89.122,93.821,93.027,135.588,111.769,87.049,96.280,85.192
2009-01-30,60.518,72.866,73.312,63.660,76.876,72.118,77.883,54.292,57.798,67.390,65.650,141.135,57.949,63.592,69.639,52.682,87.642,96.988,89.279,95.857,94.445,137.929,118.588,89.659,97.690,84.591
2009-02-27,55.084,66.661,66.481,57.774,70.333,65.405,71.227,49.301,52.350,61.114,59.446,134.374,53.020,56.618,62.927,47.726,79.777,89.944,80.690,87.887,86.478,133.876,112.126,79.256,86.984,75.769
2009-03-31,57.033,68.885,67.932,59.298,72.728,66.703,73.743,51.251,53.853,62.312,60.468,147.011,55.181,55.517,63.349,49.566,83.059,92.931,83.534,89.470,88.090,146.200,114.811,78.476,88.051,79.314
2009-04-30,63.891,78.426,76.706,67.907,81.793,75.131,83.116,56.610,60.012,70.486,68.344,171.812,67.650,61.493,70.257,54.575,97.507,108.871,97.534,103.464,101.814,179.287,144.637,83.755,95.351,93.238
2009-05-29,65.772,83.360,81.055,71.597,85.423,78.662,87.505,56.909,61.272,74.332,71.551,188.328,70.211,64.253,73.182,54.516,100.709,118.920,99.252,111.193,108.838,206.576,155.733,90.206,102.852,91.723
2009-06-30,66.001,83.194,82.381,70.637,87.460,80.071,89.452,57.170,61.552,74.234,71.794,187.486,69.197,65.711,75.387,54.822,102.595,121.039,101.283,113.556,111.948,207.892,153.144,95.955,109.357,93.046
2009-07-31,71.046,90.356,88.259,77.298,93.927,85.758,96.080,61.058,66.054,80.339,77.514,206.347,75.791,68.684,79.518,58.517,110.893,130.619,109.009,121.375,119.206,231.596,171.447,98.944,114.436,100.954
2009-08-31,72.699,92.570,87.629,81.109,94.404,85.215,96.456,62.081,67.950,83.174,80.742,203.130,79.482,69.602,81.539,59.523,115.547,136.980,114.264,129.154,127.291,231.283,183.486,102.261,119.232,104.348
2009-09-30,74.648,95.551,88.746,83.494,96.554,85.959,98.924,63.721,69.370,85.027,82.305,217.528,80.450,67.991,81.858,60.850,120.415,142.776,118.785,133.926,131.202,245.489,194.570,100.846,119.617,109.181
2009-10-30,72.810,93.488,86.566,81.906,94.563,83.966,96.758,61.838,67.501,82.882,80.519,215.768,79.982,66.057,79.938,58.918,115.244,139.952,113.043,130.631,127.683,244.770,198.274,97.249,116.418,102.135
2009-11-30,74.496,94.508,85.757,82.794,93.714,82.836,96.202,64.511,69.047,83.468,80.715,221.154,80.310,64.447,78.726,61.380,116.264,139.835,113.719,129.378,125.489,251.877,201.759,92.996,112.757,104.600
2009-12-31,79.569,100.983,92.040,88.042,100.385,88.857,103.104,68.927,73.549,88.735,85.678,240.559,83.944,68.227,83.455,65.585,127.527,149.958,124.442,137.095,132.295,280.845,217.014,96.556,118.182,117.569
2010-01-29,78.584,99.144,92.956,85.830,100.664,89.913,103.268,68.156,72.782,87.301,84.543,234.463,85.527,70.854,84.980,65.064,128.256,151.872,125.362,139.650,135.212,279.217,225.946,100.982,120.880,117.237
2010-02-26,81.058,100.979,95.450,85.496,103.769,92.297,106.460,71.717,75.174,88.827,85.517,239.642,87.013,73.137,88.132,68.426,133.316,154.088,130.642,141.419,135.800,285.036,228.493,104.801,125.185,125.333
2010-03-31,87.011,108.773,102.130,92.006,111.263,98.587,114.293,76.820,80.514,95.356,91.634,261.209,95.008,77.450,94.041,73.259,145.016,167.474,141.929,153.235,146.961,312.876,248.379,111.013,133.579,136.512
2010-04-30,88.695,109.717,104.913,91.249,113.956,101.217,117.127,79.302,81.945,95.591,91.563,269.036,98.172,78.795,95.560,75.712,153.013,174.000,149.998,159.019,152.095,326.302,254.414,116.366,139.659,146.248
2010-05-31,86.999,106.379,104.330,86.828,111.523,100.640,114.728,79.019,80.291,92.153,87.803,265.890,91.791,78.568,93.041,75.473,149.713,166.606,146.923,151.611,144.328,316.624,228.269,116.750,136.603,146.081
2010-06-30,84.467,105.199,104.357,86.179,110.943,100.396,114.408,75.016,77.675,90.980,87.080,264.398,91.816,77.749,91.864,71.561,144.091,166.301,140.320,150.452,143.955,321.747,220.017,117.965,136.966,135.790
2010-07-30,85.878,107.840,102.724,90.534,110.630,99.062,113.795,75.654,78.951,93.446,89.637,269.290,96.960,76.053,91.463,71.971,145.895,169.227,142.174,153.588,147.027,324.258,236.270,113.444,134.304,136.868
2010-08-31,84.953,107.506,103.510,89.400,111.204,99.804,114.413,74.341,77.908,92.924,89.030,270.678,94.218,76.499,91.724,70.627,143.591,170.174,139.030,153.346,146.345,333.225,227.801,114.117,135.700,132.279
2010-09-30,86.654,110.040,104.134,92.315,112.372,99.940,116.017,75.452,79.292,94.808,91.005,279.994,102.490,75.290,91.895,71.614,149.172,176.707,144.331,158.958,151.774,347.795,255.282,111.935,136.567,137.416
2010-10-29,88.190,111.766,104.691,94.626,113.122,100.522,116.739,76.917,80.786,96.440,92.617,283.004,102.743,75.538,92.374,73.033,152.365,180.764,147.370,162.568,154.829,356.029,260.778,109.954,135.772,140.394
2010-11-30,92.067,114.730,111.975,93.521,120.703,107.990,124.144,82.044,84.395,98.610,94.128,294.192,103.847,82.102,99.100,78.085,162.920,188.155,158.149,169.026,159.406,371.793,263.578,119.426,145.890,154.710
2010-12-31,95.878,120.044,115.712,98.365,125.424,111.521,129.030,84.952,87.912,103.389,98.731,305.834,112.275,84.972,103.465,80.873,172.234,200.800,167.861,182.555,172.669,381.960,297.040,126.316,155.848,162.127
2011-01-31,95.291,118.621,112.703,99.945,122.618,109.497,125.319,84.576,87.967,103.348,98.890,291.145,112.821,83.374,100.882,80.857,169.210,195.788,165.735,179.570,170.294,361.687,296.572,124.736,151.813,160.190
2011-02-28,97.342,120.847,111.997,102.498,122.832,108.924,125.389,86.947,90.375,106.388,101.397,286.300,112.601,85.321,103.587,83.207,173.200,196.884,171.171,183.312,172.872,345.038,297.381,126.668,154.720,167.248
2011-03-31,94.647,117.349,107.570,99.262,118.007,103.902,121.120,84.857,87.094,101.473,96.477,295.037,112.060,76.995,95.823,81.035,171.180,193.361,168.563,178.252,168.066,351.261,297.915,117.623,146.593,165.993
2011-04-29,94.236,117.731,105.201,102.326,116.295,101.815,119.134,83.352,86.846,102.347,97.799,290.965,115.005,74.363,93.721,79.713,170.071,193.937,167.345,178.956,169.232,351.119,301.256,113.624,142.608,163.386
2011-05-31,95.161,117.994,106.972,101.915,117.687,103.701,120.429,84.797,87.766,102.491,97.946,292.399,113.037,75.666,94.443,81.162,171.690,194.429,169.147,179.568,170.172,350.937,296.296,115.643,144.505,165.663
2011-06-30,92.870,115.299,105.364,99.204,115.696,101.995,118.538,82.599,85.648,100.178,95.902,285.468,106.657,75.494,93.805,78.985,166.530,188.607,164.065,174.198,165.899,340.390,278.655,117.377,144.402,160.192
2011-07-29,92.175,114.743,108.664,96.875,118.720,105.469,121.409,81.601,84.847,99.406,95.221,286.742,102.442,78.804,96.535,78.100,164.933,190.312,161.679,174.797,165.626,349.991,267.236,122.557,150.238,156.560
2011-08-31,85.276,104.706,98.593,86.821,108.818,95.892,111.049,77.043,78.715,90.825,86.455,260.609,92.188,72.360,89.511,73.736,150.457,173.522,148.047,160.676,151.715,310.398,236.331,116.198,142.194,143.331
2011-09-30,82.871,99.861,97.459,82.547,106.170,94.711,108.480,75.642,77.175,87.678,83.936,238.891,86.019,74.440,89.508,72.856,142.449,162.975,141.037,152.628,145.942,279.943,212.997,120.549,142.395,135.689
2011-10-31,88.257,106.179,99.401,89.107,109.924,96.469,112.360,80.953,81.916,92.543,88.526,260.234,94.654,72.813,90.636,77.716,152.913,170.047,151.708,158.737,150.489,295.516,238.319,114.521,140.822,149.899
2011-11-30,88.709,104.402,96.271,88.244,106.941,93.976,108.787,83.131,82.804,91.456,87.275,251.669,94.191,71.682,88.806,80.059,153.618,166.098,153.412,156.211,147.492,280.873,233.666,114.538,139.766,154.429
2011-12-30,91.804,107.052,100.528,89.702,111.577,98.467,113.198,86.621,85.818,93.803,89.644,257.829,95.260,74.869,92.236,83.521,157.882,169.124,157.753,158.835,149.995,287.431,237.357,119.938,144.731,159.822
2012-01-31,96.333,113.363,107.512,93.572,118.923,104.695,121.231,90.375,89.374,98.044,93.640,284.683,99.557,78.467,97.382,86.790,168.925,182.491,168.252,170.521,161.047,315.718,261.679,124.773,152.532,169.810
2012-02-29,99.012,117.167,111.066,97.464,122.397,108.197,124.755,92.252,91.732,101.219,96.892,295.273,108.856,80.950,99.876,88.548,173.599,189.961,172.134,176.321,167.068,336.235,279.252,125.076,154.471,172.312
2012-03-30,100.119,116.076,110.313,97.128,121.481,107.707,123.600,94.754,93.330,100.922,96.877,286.703,107.232,81.746,100.044,91.255,175.202,188.425,174.550,175.943,167.941,326.775,273.678,127.962,155.966,175.639
2012-04-30,99.584,114.949,109.385,95.462,121.294,106.984,123.206,94.651,92.838,99.820,95.565,285.021,105.798,80.212,99.255,91.321,174.796,188.015,174.373,176.106,168.164,322.580,274.542,127.385,155.778,175.216
2012-05-31,97.041,109.074,106.223,89.363,117.141,104.022,118.893,94.265,90.799,94.670,90.552,270.884,96.990,78.045,95.556,91.291,170.405,178.853,170.000,166.358,158.833,314.333,251.596,124.958,150.098,173.964
2012-06-29,99.218,112.540,107.610,94.142,119.034,105.212,120.955,95.348,92.975,98.282,94.412,274.111,101.826,79.950,98.282,92.337,171.900,180.083,171.608,167.678,160.989,315.390,257.185,126.355,151.005,175.197
2012-07-31,103.639,117.605,111.241,98.145,124.517,108.802,126.430,99.613,97.037,102.536,98.390,287.968,110.263,81.554,102.388,96.470,176.869,186.593,176.576,174.118,166.508,324.383,272.245,129.322,155.783,179.733
2012-08-31,103.461,117.307,108.022,100.030,120.994,105.563,122.934,99.546,97.212,103.039,98.712,280.417,110.342,79.261,99.695,96.546,178.286,187.297,178.183,175.004,167.033,324.154,275.162,126.372,152.514,181.993
2012-09-28,104.563,119.230,111.071,100.988,123.463,108.031,125.954,100.131,97.864,104.022,99.578,291.329,111.721,80.019,100.561,97.055,181.309,192.807,180.689,179.591,171.328,337.267,284.685,128.003,154.949,183.338
2012-10-31,103.120,118.834,109.211,101.622,122.308,106.392,124.577,97.766,96.506,103.999,99.686,287.482,109.524,78.311,99.485,94.700,178.787,191.508,178.352,179.171,171.548,329.982,280.549,125.119,152.907,179.443
2012-11-30,104.053,120.652,111.634,103.770,124.609,108.644,127.039,97.762,97.381,105.795,101.718,290.057,112.134,79.919,101.181,94.797,180.025,192.314,179.434,179.427,172.532,334.529,281.293,126.120,153.559,180.566
2012-12-31,104.973,123.148,114.591,105.432,127.897,111.764,130.167,97.606,97.872,107.520,103.553,300.132,114.506,82.426,103.915,94.382,183.528,197.366,182.588,183.728,177.235,345.897,289.632,128.114,155.862,182.689
2013-01-31,106.654,124.473,114.113,108.275,127.871,111.155,130.251,99.442,99.903,109.568,105.883,295.528,120.474,83.083,105.223,96.216,188.002,199.994,187.681,187.039,181.146,345.094,301.661,129.523,157.931,188.436
2013-02-28,110.720,127.871,119.785,109.211,135.365,117.213,137.341,104.072,103.899,112.629,108.894,302.987,124.097,88.043,112.023,100.894,196.865,208.756,196.459,194.888,190.177,362.354,325.065,138.535,168.177,196.895
2013-03-29,114.786,130.446,123.241,110.878,138.948,120.648,140.940,109.434,108.258,115.576,111.775,303.160,124.759,93.061,117.084,106.275,206.612,215.888,206.896,202.292,197.293,370.053,324.940,150.625,180.055,209.247
2013-04-30,114.993,131.723,125.997,112.415,142.035,123.392,144.029,108.270,108.762,117.698,114.540,297.498,125.053,97.578,121.882,105.248,203.881,215.956,203.982,202.745,199.086,367.744,322.137,155.071,182.297,203.419
2013-05-31,116.660,130.900,123.868,114.466,137.416,121.282,139.457,111.701,110.683,117.050,113.706,294.876,125.277,94.132,115.364,109.037,209.148,215.392,209.629,201.407,197.798,371.814,333.933,147.205,171.103,213.304
2013-06-28,112.915,124.852,120.706,108.507,133.248,118.449,135.010,109.115,107.636,112.332,109.342,275.287,117.312,94.310,113.655,106.872,202.476,203.842,204.497,192.873,189.986,338.277,313.748,144.746,165.323,209.934
2013-07-31,115.825,127.571,119.613,113.804,132.570,117.594,134.102,112.147,110.913,115.813,112.684,272.297,125.748,93.416,112.997,110.117,209.726,209.450,213.067,200.606,197.273,333.001,338.244,143.863,165.702,219.152
2013-08-30,114.208,126.694,118.258,113.089,132.204,116.732,133.253,109.876,109.314,115.124,111.974,269.497,124.718,91.947,112.208,107.906,206.831,209.106,210.432,201.659,198.545,324.134,336.053,143.173,165.815,214.122
2013-09-30,116.997,131.987,123.069,118.193,137.588,121.375,138.777,110.799,111.809,120.067,117.138,279.591,130.191,96.710,117.858,108.592,215.311,219.972,219.147,212.926,210.749,336.169,353.027,154.399,177.946,220.506
2013-10-31,121.175,136.246,125.287,122.760,140.397,123.159,141.976,115.108,115.686,123.562,120.555,291.913,132.588,96.722,119.280,112.795,221.099,225.802,224.922,218.275,216.223,346.869,363.146,152.956,177.692,226.365
2013-11-29,122.707,136.273,126.100,123.760,140.331,124.182,141.735,117.490,117.565,124.132,121.296,287.211,134.539,97.794,118.954,115.457,224.003,224.883,228.654,218.225,216.835,340.280,370.626,151.889,174.175,231.971
2013-12-31,123.338,135.839,124.364,124.760,137.885,122.292,139.450,118.836,118.623,124.502,121.645,279.690,137.095,97.208,117.589,117.005,225.928,226.092,231.266,220.706,219.268,334.401,375.948,151.243,173.302,234.645
2014-01-31,120.986,132.492,121.419,122.271,134.397,119.360,135.965,116.936,116.720,122.081,119.293,267.230,135.271,95.144,114.786,115.401,226.369,226.570,231.908,221.620,220.607,332.470,373.640,152.905,174.010,234.836
2014-02-28,123.837,135.864,120.346,127.850,134.366,118.208,135.982,119.332,119.670,125.704,122.952,269.566,144.381,93.146,114.286,117.876,232.419,233.099,238.339,228.659,227.295,338.207,401.037,147.188,170.299,240.988
2014-03-31,124.649,136.499,120.490,126.901,134.975,117.892,137.008,120.754,120.096,125.403,122.425,278.425,143.517,92.249,114.610,118.950,232.422,233.886,237.760,228.278,226.578,346.151,398.681,147.612,172.014,240.508
2014-04-30,125.082,137.474,118.772,129.019,133.677,116.227,135.652,120.994,120.600,126.620,123.452,277.683,144.298,90.242,113.113,119.102,227.631,232.094,232.390,226.205,223.405,345.413,404.832,144.922,169.285,233.861
2014-05-30,129.802,142.406,125.566,132.640,140.318,122.563,142.721,125.553,124.955,130.651,127.479,292.009,148.292,95.358,118.637,123.694,234.306,239.630,238.773,232.731,230.185,361.452,425.973,151.626,176.176,239.886
2014-06-30,131.802,144.315,129.731,132.180,144.061,126.609,146.583,128.173,126.763,132.063,128.276,298.760,147.720,99.174,122.034,126.194,242.156,244.013,247.289,237.217,232.819,366.756,422.666,160.169,184.136,251.950
2014-07-31,133.234,146.209,135.769,130.017,150.948,132.566,153.523,129.513,127.644,132.730,128.687,311.627,147.023,102.934,127.071,127.398,238.985,244.972,242.844,236.453,232.638,377.930,406.556,165.075,190.438,244.911
2014-08-29,138.328,149.341,137.030,132.545,152.557,133.590,155.345,136.795,132.517,134.933,130.518,323.681,149.180,102.508,127.482,134.354,250.055,250.614,254.271,240.778,235.893,393.064,408.900,166.595,192.988,261.247
2014-09-30,139.558,148.177,137.848,132.898,151.309,134.242,154.298,139.181,134.426,134.917,130.861,312.488,151.868,105.050,127.455,137.339,246.455,246.473,250.260,235.848,232.615,392.064,401.120,167.227,190.682,256.848
2014-10-31,141.702,147.922,139.584,130.531,154.086,135.691,157.319,143.046,136.414,133.869,130.026,318.784,148.950,105.532,129.691,141.258,251.802,242.649,256.610,231.775,229.887,388.343,397.568,164.899,189.428,268.769
2014-11-28,144.795,149.739,140.721,134.310,153.671,136.706,157.052,146.875,139.845,136.194,132.455,316.994,150.456,106.496,128.812,145.386,253.669,242.841,259.027,232.707,231.626,384.297,401.741,164.066,186.987,271.536
2014-12-31,146.295,148.706,142.378,131.816,155.675,138.620,158.806,150.195,141.752,135.648,131.734,311.531,147.188,107.837,130.286,149.093,261.867,247.078,268.349,237.896,237.335,384.649,406.474,169.470,192.520,283.002
2015-01-30,154.422,159.223,156.380,141.176,169.550,151.845,173.401,155.756,149.248,144.941,141.951,336.061,160.741,118.471,141.778,154.754,276.657,263.973,282.555,252.840,254.916,418.395,433.116,187.251,210.009,294.735
2015-02-27,164.007,168.752,163.317,151.101,178.143,158.738,181.995,165.692,158.950,154.532,151.349,348.567,172.741,125.038,150.479,164.697,294.347,280.064,301.787,270.647,273.095,430.449,465.357,194.158,219.675,314.259
2015-03-31,168.629,173.391,172.171,153.563,187.280,167.782,190.941,169.993,163.403,158.692,155.662,358.855,177.625,132.396,157.964,169.258,307.900,289.322,315.792,278.836,282.272,448.927,471.267,205.979,231.309,331.124
2015-04-30,166.314,174.583,174.095,153.957,189.188,170.620,191.992,165.355,160.288,158.684,155.287,370.402,175.935,132.458,156.976,164.249,300.292,293.872,305.487,280.849,282.956,469.268,481.483,203.360,228.323,313.910
2015-05-29,169.763,175.651,176.502,155.924,191.007,172.701,194.128,170.136,164.391,160.779,157.903,363.417,177.820,136.354,160.385,169.384,311.003,302.037,316.734,288.776,292.232,481.599,484.446,210.034,234.972,326.203
2015-06-30,163.111,168.015,168.841,148.740,181.991,164.950,185.233,164.190,157.996,153.706,150.971,348.308,169.449,131.728,154.000,163.335,301.959,290.648,308.816,279.959,283.903,452.204,464.099,207.270,228.594,318.734
2015-07-31,165.920,168.966,164.937,154.304,178.099,160.722,181.645,167.810,162.193,157.464,155.410,326.907,175.070,132.774,155.184,167.379,300.738,287.521,310.069,281.901,288.732,420.606,482.167,205.815,226.966,317.568
2015-08-31,152.387,153.871,149.850,141.302,161.066,146.099,164.232,155.120,149.345,143.955,141.966,293.186,161.171,121.872,141.083,154.897,279.496,267.690,289.531,265.588,272.196,374.705,458.084,193.761,212.534,294.812
2015-09-30,147.426,147.296,143.982,135.231,154.417,140.001,157.820,151.158,144.384,137.208,135.271,285.449,155.836,114.767,133.406,151.117,269.754,261.036,278.235,257.014,264.025,376.118,454.298,188.094,206.533,281.697
2015-10-30,160.665,159.923,158.582,146.372,170.045,154.798,173.235,164.888,157.462,149.081,147.376,309.022,164.493,127.441,147.110,164.907,288.277,279.413,297.293,275.120,282.763,402.539,481.949,202.720,223.460,300.562
2015-11-30,166.656,163.814,162.199,150.194,174.793,158.549,177.827,172.567,163.873,153.445,151.746,310.605,173.388,131.370,152.280,172.750,303.762,290.155,314.425,287.134,295.831,410.195,523.252,213.648,235.377,320.021
2015-12-31,159.109,156.268,157.561,142.090,170.300,153.811,173.424,164.327,156.524,146.511,145.547,295.253,167.239,128.225,149.423,164.580,288.672,282.389,297.994,279.465,289.719,399.132,511.163,208.911,231.270,297.126
2016-01-29,150.100,146.210,145.643,133.401,157.200,142.090,160.174,156.399,147.738,136.961,135.552,277.183,157.713,117.940,137.396,156.620,267.254,261.759,275.917,259.210,267.988,369.144,471.989,195.085,215.940,275.293
2016-02-29,148.449,143.940,142.410,130.598,154.334,139.364,156.827,155.745,146.031,134.489,132.517,275.583,155.408,114.890,134.227,155.844,267.684,261.559,276.667,259.510,266.559,366.303,481.535,193.222,214.765,277.450
2016-03-31,152.035,148.405,146.801,132.728,159.670,143.322,162.539,159.246,148.688,136.940,134.576,297.537,157.607,115.737,137.048,158.929,277.120,271.032,285.981,268.014,274.537,384.182,498.565,196.156,220.453,287.453
2016-04-29,153.498,151.539,148.513,135.337,161.877,145.087,164.684,159.902,150.276,140.627,137.770,297.639,159.847,119.748,141.466,159.392,281.947,277.200,291.220,275.077,279.420,387.936,501.843,202.951,227.337,292.815
2016-05-31,158.123,153.277,150.975,138.123,164.063,147.247,167.158,166.405,155.478,143.047,140.455,294.799,162.885,121.747,143.474,166.372,292.115,283.315,303.204,283.363,288.966,385.052,522.089,208.269,232.887,306.157
2016-06-30,157.491,151.245,151.652,132.423,164.693,147.820,167.888,167.521,154.054,138.986,136.022,307.216,157.302,119.847,141.805,167.079,288.537,275.577,298.066,271.385,274.287,395.643,496.218,207.334,232.787,307.708
2016-07-29,163.206,157.688,159.103,136.935,173.358,155.076,176.700,172.719,159.514,144.871,141.982,320.569,162.091,126.468,150.234,172.193,302.066,289.013,312.443,285.628,289.198,409.883,524.122,216.376,244.966,321.387
2016-08-31,164.416,159.326,162.906,137.960,176.502,158.854,179.884,173.600,160.292,145.591,142.657,329.863,160.613,127.433,150.468,173.044,304.282,289.486,314.155,284.378,288.647,419.127,536.121,210.840,239.149,324.615
2016-09-30,163.945,159.849,164.057,137.943,178.148,160.209,181.325,172.218,159.702,146.045,143.118,331.117,160.281,128.629,152.041,171.708,306.008,293.978,316.000,289.751,294.574,420.839,550.740,219.400,247.562,323.603
2016-10-31,165.220,161.517,167.816,137.027,181.772,163.905,185.011,173.766,160.555,146.813,143.721,340.263,155.664,132.897,156.113,172.736,302.917,293.445,312.024,288.232,293.434,425.039,534.712,227.159,253.244,317.760
2016-11-30,172.031,163.047,168.796,138.569,183.991,165.321,186.786,185.083,168.298,149.280,145.559,335.433,156.916,134.415,158.682,184.682,323.030,294.234,335.939,290.491,294.714,418.730,536.314,224.805,251.563,356.765
2016-12-30,176.755,168.176,168.656,146.872,184.525,165.130,187.345,189.485,173.314,155.040,151.400,338.102,165.126,135.131,160.321,189.118,331.769,302.203,345.921,300.247,304.898,420.444,565.933,228.759,256.067,366.356
2017-01-31,177.228,169.953,172.890,146.306,189.056,169.338,191.894,189.127,173.234,155.821,152.050,348.041,168.351,137.657,163.317,188.520,332.033,306.249,345.380,303.585,308.089,429.551,570.647,231.708,258.982,363.182
2017-02-28,185.303,175.604,179.935,150.398,196.776,175.899,200.045,199.169,181.073,160.303,156.852,364.805,171.318,141.799,169.058,198.529,345.947,319.670,358.732,314.686,320.359,459.601,579.716,242.974,271.329,376.961
2017-03-31,186.351,178.886,181.640,155.295,198.416,177.125,202.137,198.122,181.813,163.304,160.122,371.584,174.805,141.129,169.044,197.463,346.922,324.177,359.026,318.624,324.643,468.621,577.919,241.092,270.315,374.405
2017-04-28,185.883,179.460,181.386,157.962,197.493,176.851,201.254,196.236,181.218,163.805,161.271,372.954,180.575,140.370,167.441,195.626,347.270,327.953,359.725,324.031,332.515,465.467,605.055,240.640,268.477,369.990
2017-05-31,183.982,179.426,182.242,160.041,196.707,177.893,200.346,192.151,179.201,163.915,161.905,371.841,183.269,140.124,164.782,191.723,338.443,326.199,350.560,324.090,333.871,453.875,603.307,241.166,267.373,353.610
2017-06-30,182.218,177.450,182.115,156.099,197.182,178.012,200.571,190.808,177.359,161.761,159.344,370.299,181.442,139.550,164.730,190.386,338.584,322.959,351.002,320.546,329.101,450.988,596.671,239.768,267.612,357.849
2017-07-31,181.202,177.990,183.015,155.619,197.917,178.512,201.685,188.740,175.681,161.143,158.594,379.576,181.044,138.213,163.811,188.047,335.438,323.464,347.255,321.012,329.908,451.861,599.904,237.703,265.640,350.850
2017-08-31,180.381,177.432,182.816,154.757,197.633,178.502,201.228,187.841,174.464,159.764,157.214,384.811,183.008,137.251,162.535,186.942,333.189,324.247,344.157,321.018,329.845,456.842,602.854,239.766,267.811,345.604
2017-09-29,184.908,181.750,185.281,160.507,200.323,181.396,203.509,192.844,179.391,164.836,162.039,385.453,187.433,140.117,165.079,191.948,346.817,333.088,359.762,331.693,341.181,459.625,615.768,245.132,272.891,363.922
2017-10-31,191.543,187.911,196.807,163.616,211.665,192.405,215.345,199.535,185.487,169.562,166.936,404.873,190.233,148.027,173.438,198.906,357.855,344.332,370.386,341.362,352.083,482.808,618.637,257.027,285.812,374.066
2017-11-30,190.764,185.084,195.478,160.197,210.214,191.372,213.621,200.189,185.151,167.341,164.810,396.364,181.927,149.076,173.818,199.845,357.104,341.430,369.781,338.228,349.436,480.020,590.880,259.403,287.859,374.976
2017-12-29,192.475,187.890,197.633,161.678,212.932,193.142,216.681,201.325,186.335,169.149,166.277,407.703,182.170,149.435,175.514,200.825,360.794,349.449,372.700,345.578,356.226,494.280,604.744,261.234,292.006,374.952
2018-01-31,195.997,191.197,202.443,164.534,217.612,198.160,221.173,204.979,189.095,170.642,168.317,425.746,184.939,150.778,176.523,204.103,360.980,353.398,371.968,348.651,360.934,504.056,613.197,263.052,293.504,370.217
2018-02-28,191.784,186.080,199.552,158.375,214.855,195.709,217.997,201.168,185.140,166.014,164.159,414.801,183.256,151.327,176.528,200.291,353.913,346.760,364.730,342.273,355.585,493.728,605.577,264.773,294.624,361.778
2018-03-30,186.122,181.282,194.391,154.955,208.582,190.845,211.483,194.783,179.603,161.787,159.863,403.712,177.899,146.854,170.202,193.858,350.617,339.988,361.888,335.720,348.654,483.412,590.263,259.823,288.071,362.024
2018-04-30,191.266,187.477,199.241,161.651,213.828,195.238,217.145,199.131,184.922,168.467,166.444,409.129,180.725,151.345,175.773,198.278,359.748,350.082,371.753,346.942,359.720,491.513,620.008,264.475,293.906,370.744
2018-05-31,198.215,189.565,203.795,161.710,219.671,199.994,222.755,210.058,192.601,171.063,168.403,408.459,183.177,155.040,180.924,210.039,380.258,358.680,395.043,356.551,368.762,498.161,644.711,272.581,304.079,403.914
2018-06-29,197.099,185.962,195.932,160.596,212.147,191.953,215.384,211.139,192.467,169.150,166.310,391.405,181.508,150.278,176.863,211.293,376.488,348.830,393.651,350.315,361.510,465.399,643.170,263.171,294.850,406.866
2018-07-31,202.609,190.003,196.788,165.605,212.798,192.125,216.685,218.308,198.055,172.936,170.040,399.148,188.769,150.871,178.098,218.207,380.253,350.511,397.586,351.553,363.089,470.066,667.149,260.739,292.531,412.413
2018-08-31,205.351,187.074,196.923,161.615,212.499,192.085,216.566,225.538,201.634,170.621,167.695,390.542,189.442,151.452,178.282,225.998,389.196,349.055,408.607,351.092,362.203,462.742,662.538,259.618,291.500,431.935
2018-09-28,206.599,188.249,198.268,162.805,214.634,194.581,217.590,227.007,203.106,172.251,169.441,389.138,191.570,155.650,181.829,227.272,383.605,345.341,403.451,349.137,360.204,448.147,661.428,263.196,294.877,424.585
2018-10-31,195.916,177.280,183.326,154.274,198.704,179.591,201.736,216.895,192.918,162.545,159.871,364.171,177.552,145.550,170.454,216.633,354.041,319.579,372.596,323.786,333.709,410.950,611.245,244.589,273.852,391.338
2018-11-30,198.922,179.084,189.191,153.126,203.752,184.569,207.648,220.740,195.247,162.513,159.782,379.446,175.524,147.576,172.635,220.675,358.104,320.600,375.241,320.833,331.593,433.716,585.194,251.576,281.527,397.436
2018-12-31,183.148,169.348,179.100,144.769,192.683,174.230,196.845,199.323,178.681,152.644,150.576,365.872,168.263,137.996,162.207,198.859,324.448,300.267,337.251,297.404,307.249,422.692,554.470,229.471,257.605,350.305
2019-01-31,196.868,181.461,190.544,153.993,206.056,186.361,209.506,215.635,191.861,162.924,159.871,396.416,177.020,146.140,172.048,214.816,354.883,322.569,370.591,321.429,330.758,443.748,596.817,241.525,272.851,390.068
2019-02-28,203.687,186.429,194.295,160.053,210.765,190.164,214.132,223.959,199.149,168.394,165.206,400.360,183.414,148.343,175.523,223.499,370.160,331.866,387.450,331.359,340.774,452.972,611.132,246.494,279.498,411.579
2019-03-29,209.160,190.186,199.488,163.183,215.366,194.326,219.730,230.686,204.613,171.641,168.594,409.419,186.621,151.457,179.225,230.444,373.596,337.063,390.445,335.866,346.132,463.707,622.732,251.111,284.803,412.716
2019-04-30,216.637,195.585,203.251,169.275,219.443,198.136,223.753,240.016,212.275,176.842,173.667,418.840,191.579,154.139,182.261,239.952,384.916,345.178,403.401,345.704,357.253,465.581,639.768,253.674,288.254,426.682
2019-05-31,204.948,186.143,190.809,161.334,206.989,185.115,211.842,226.503,201.166,169.438,166.269,390.662,180.328,147.946,176.798,226.204,362.437,329.231,379.145,329.422,340.295,445.201,606.806,244.159,278.348,397.648
2019-06-28,213.680,193.114,196.782,168.528,214.148,191.630,218.446,236.957,209.819,175.653,172.351,406.132,189.312,151.239,181.011,236.686,374.576,336.377,392.576,336.999,347.116,452.741,631.111,245.419,280.692,415.691
2019-07-31,219.195,195.129,199.298,169.179,217.874,194.625,221.675,245.680,215.668,177.493,174.045,410.318,187.294,154.089,184.844,245.474,384.512,341.754,403.839,343.152,352.520,456.171,624.613,253.304,290.778,431.051
2019-08-30,216.356,191.189,195.506,166.511,213.339,190.919,217.084,243.606,213.588,175.041,171.406,394.619,185.369,152.344,181.910,243.783,374.867,335.566,394.365,338.904,347.606,438.113,609.021,252.312,287.654,418.411
2019-09-30,223.147,198.096,202.768,172.815,221.131,197.959,225.069,250.457,220.344,181.776,178.105,406.228,191.633,159.017,189.520,250.591,386.421,347.203,406.558,351.075,361.002,451.244,624.354,263.899,299.580,429.354
2019-10-31,224.025,200.332,207.414,174.502,225.486,202.534,229.503,249.819,220.797,183.373,180.295,413.700,194.806,162.944,193.057,249.817,388.435,353.013,408.256,357.152,368.799,457.799,635.657,271.296,305.292,426.402
2019-11-29,232.210,204.490,210.661,179.074,229.366,205.820,233.324,261.495,229.632,187.860,184.486,418.020,199.114,165.266,196.211,261.951,404.237,363.188,426.467,369.586,381.411,460.491,668.395,276.601,310.873,448.324
2019-12-31,236.126,209.563,216.738,182.949,235.600,212.186,239.279,264.644,232.318,190.415,187.105,441.243,205.550,166.165,196.999,264.690,411.873,374.344,433.406,379.837,391.011,479.975,702.910,276.969,312.248,452.979
2020-01-31,236.531,206.565,212.533,180.574,231.563,207.736,235.466,268.051,233.884,189.139,185.560,426.103,205.870,165.241,196.634,268.454,405.081,367.338,426.813,373.612,384.583,466.748,694.651,270.850,307.016,446.469
2020-02-28,219.356,191.926,202.671,164.906,219.650,198.346,223.182,248.115,216.015,173.878,170.284,407.216,193.293,153.106,181.177,248.720,372.003,336.514,391.013,340.153,349.954,437.686,648.988,243.311,274.930,410.881
2020-03-31,189.950,164.316,182.411,140.742,196.180,180.449,197.586,214.528,187.632,149.485,147.718,344.872,171.988,140.501,160.628,216.179,294.133,271.880,310.103,278.267,289.924,337.004,516.301,224.794,243.484,316.278
2020-04-30,210.672,177.082,196.448,149.552,211.808,193.489,214.102,242.784,208.501,160.195,157.541,377.123,187.044,148.816,172.618,244.889,334.395,305.468,352.395,311.391,320.633,384.649,588.642,239.695,266.682,366.267
2020-05-29,216.465,180.075,196.667,154.138,213.125,194.203,214.908,251.180,215.223,164.449,161.881,374.195,198.050,152.148,176.692,253.306,350.962,319.022,371.520,328.120,338.239,387.708,649.443,252.281,283.314,385.985
2020-06-30,221.234,186.402,204.375,158.632,221.758,201.614,223.789,254.602,218.791,168.444,165.784,397.839,200.580,152.654,179.146,256.643,358.756,326.250,377.417,330.745,339.559,418.576,660.309,249.041,282.343,395.131
2020-07-31,221.243,184.940,202.946,156.383,219.566,199.557,222.221,256.293,217.752,164.249,161.133,411.639,207.951,142.925,169.664,258.151,355.985,325.374,372.499,326.198,333.363,434.285,704.216,231.593,266.891,391.296
2020-08-31,232.144,190.688,210.794,160.787,228.316,207.462,230.886,271.488,229.688,170.782,167.512,416.006,216.980,151.815,179.530,274.034,371.435,342.876,389.314,346.056,354.200,447.014,745.163,246.283,285.324,404.652
2020-09-30,229.123,189.696,213.770,158.292,229.892,210.243,232.704,266.260,226.171,169.271,166.401,417.467,218.857,155.031,180.835,268.811,370.813,345.260,388.441,348.829,358.546,448.413,763.045,260.586,295.996,399.927
2020-10-30,225.050,186.861,217.607,150.155,233.776,214.016,236.648,260.965,220.701,163.706,160.827,428.921,210.149,153.591,179.706,263.405,373.023,338.355,390.979,339.838,348.402,448.932,720.930,256.003,292.301,411.836
2020-11-30,246.165,206.440,232.431,171.355,251.163,228.730,254.045,284.029,242.396,183.875,180.889,456.310,234.015,168.358,198.030,286.295,418.603,375.080,439.274,376.487,385.872,498.772,816.475,266.466,308.659,466.885
2020-12-31,251.837,212.735,240.430,175.728,259.136,235.936,262.775,289.298,247.025,187.941,185.068,478.905,239.110,171.470,202.290,291.254,439.551,392.340,461.082,393.005,402.997,525.259,874.849,270.828,316.481,491.615
2021-01-29,252.476,214.715,247.528,174.365,266.978,243.673,269.989,288.266,246.311,187.262,184.400,497.102,240.862,171.649,202.784,290.506,450.829,394.438,473.967,394.802,404.366,529.425,861.843,272.046,317.171,512.995
2021-02-26,258.558,219.164,251.074,178.720,270.367,246.519,274.048,296.064,252.852,192.207,188.707,501.358,244.321,175.093,206.922,298.632,474.252,409.080,498.076,406.610,415.447,561.478,884.984,275.443,321.448,546.422
2021-03-31,274.160,229.205,256.022,190.192,275.596,250.733,279.960,317.360,269.823,203.566,199.370,509.961,260.563,182.880,215.924,320.073,499.813,431.043,525.256,429.091,438.438,588.742,932.822,294.415,340.995,575.991
2021-04-30,279.373,230.366,252.546,193.951,273.270,247.686,277.172,326.401,275.695,204.998,200.506,510.284,267.743,177.087,211.487,329.271,508.092,440.165,532.724,436.280,445.264,609.502,990.513,285.826,336.040,583.738
2021-05-31,279.346,233.909,251.991,199.279,271.807,245.834,276.971,323.877,275.355,208.853,203.853,514.068,273.583,176.894,211.860,326.367,505.452,443.421,528.946,439.215,447.167,615.248,1,002.072,279.443,329.555,575.692
2021-06-30,291.798,239.595,259.331,202.881,279.485,253.104,284.708,342.649,288.119,213.136,207.805,530.912,280.106,181.342,216.830,345.278,523.499,454.327,546.473,445.697,453.396,649.132,1,004.886,290.353,341.977,601.411
2021-07-30,293.834,235.666,245.447,206.530,264.481,238.288,270.614,349.935,293.305,214.570,209.387,495.224,292.613,178.899,213.938,352.973,519.587,458.011,542.806,452.482,461.141,640.652,1,064.069,287.954,339.422,589.023
2021-08-31,302.553,241.234,252.889,210.830,270.502,243.790,278.535,361.209,301.968,219.002,214.047,510.490,296.578,184.139,219.784,364.451,533.844,470.716,558.519,466.743,476.584,651.014,1,080.996,296.559,350.249,604.447
2021-09-30,295.436,237.842,253.198,205.061,269.896,243.558,278.484,350.471,294.799,216.655,211.690,499.297,286.164,190.619,225.319,353.928,527.550,464.872,551.193,459.351,468.092,649.901,1,010.125,303.075,355.567,598.228
2021-10-29,310.972,243.877,252.554,214.547,270.541,243.028,278.957,374.888,311.954,223.431,217.215,504.962,301.390,186.004,222.796,379.184,545.261,472.833,571.928,469.292,476.136,652.013,1,078.869,294.501,352.068,628.069
2021-11-30,312.017,239.444,250.929,208.739,267.748,241.388,276.233,380.628,313.698,218.964,212.929,498.003,291.073,185.507,220.494,385.073,534.614,462.061,559.467,455.486,462.151,650.668,1,057.908,285.437,341.121,617.162
2021-12-31,321.188,246.796,252.235,219.723,269.609,242.137,278.591,391.726,323.769,227.740,221.549,502.172,306.479,186.691,223.376,396.212,549.043,476.685,574.243,469.938,477.396,671.114,1,088.229,287.204,347.317,631.114
2022-01-31,309.827,241.137,246.120,212.623,260.912,235.667,270.347,376.253,311.069,220.834,213.889,499.786,282.129,181.325,214.708,379.962,516.939,453.387,538.535,444.136,448.860,650.696,969.769,276.656,328.842,590.971
2022-02-28,301.234,235.901,240.950,203.598,258.162,231.223,266.789,365.297,302.608,216.972,209.696,483.898,270.610,178.608,214.721,368.514,515.353,446.640,538.634,439.310,442.298,633.213,909.517,280.069,334.720,596.210
2022-03-31,310.676,238.517,238.470,203.080,258.070,227.542,267.701,382.405,313.860,221.571,213.045,477.454,281.686,179.592,221.210,385.272,526.114,455.464,548.772,445.584,446.309,656.193,951.312,274.439,338.116,610.743
2022-04-29,301.441,235.766,235.223,201.775,253.535,223.223,264.231,366.778,303.527,218.344,210.161,475.556,280.301,173.658,215.214,369.775,513.441,449.366,533.613,437.321,438.418,657.368,914.440,269.423,332.216,590.461
2022-05-31,297.202,233.846,233.666,200.143,252.837,223.393,261.868,360.975,299.135,216.807,208.514,470.382,272.762,173.619,213.810,363.479,503.678,438.451,524.393,427.769,428.630,636.763,896.182,267.007,324.533,581.973
2022-06-30,278.865,219.003,225.841,184.664,242.564,216.165,251.145,338.232,279.966,201.254,193.835,449.962,250.712,165.747,201.446,341.075,464.242,399.677,483.702,389.172,390.982,583.760,764.058,260.850,307.319,540.253
2022-07-29,305.888,232.231,234.222,198.619,251.333,222.324,261.993,378.020,309.841,216.605,208.643,460.214,279.275,177.695,216.908,381.437,515.635,433.468,541.126,426.263,427.374,615.060,881.080,279.028,333.568,612.249
2022-08-31,298.758,227.914,235.322,188.931,251.206,222.095,263.175,368.447,301.050,209.382,201.520,468.616,262.198,175.466,214.974,371.429,509.343,428.018,530.839,413.526,414.153,639.133,807.458,277.866,334.957,604.625
2022-09-30,277.301,210.562,212.750,177.024,225.759,199.310,238.041,343.441,280.284,195.023,187.498,424.616,239.480,161.877,197.588,345.894,469.316,390.833,488.961,376.036,376.215,590.250,698.910,262.769,311.354,561.118
2022-10-31,291.447,214.945,204.807,188.201,218.284,190.500,231.344,367.201,297.768,203.961,195.841,407.810,256.217,162.226,199.904,369.730,497.854,399.981,523.634,389.426,388.681,584.630,753.044,257.988,310.831,612.132
2022-11-30,301.455,230.679,226.807,201.266,243.319,213.479,255.338,371.278,305.697,216.633,209.160,449.512,272.996,173.176,213.852,374.106,509.138,420.630,533.583,409.732,410.081,613.960,801.879,271.765,327.187,612.636
2022-12-30,279.390,220.888,218.761,194.352,235.477,207.299,245.722,337.260,282.403,207.987,201.953,427.580,269.036,168.810,206.991,339.733,475.813,406.489,497.124,397.664,399.875,586.232,784.409,270.453,321.036,556.378
2023-01-31,294.233,234.670,231.088,207.418,252.153,221.476,260.457,353.677,297.150,221.139,214.528,453.356,274.012,175.859,217.843,356.111,508.936,428.209,533.798,420.680,422.292,610.227,823.433,277.615,333.465,603.114
2023-02-28,292.686,231.888,223.015,211.182,242.819,213.457,251.125,352.824,296.994,221.180,215.112,434.174,285.113,172.390,212.350,355.457,510.050,427.322,535.516,420.260,423.085,607.098,860.008,275.256,326.721,605.504
2023-03-31,294.504,231.883,225.640,210.834,244.943,216.515,252.873,355.766,298.858,220.695,215.178,436.639,284.692,174.541,212.919,358.548,487.242,418.059,509.285,410.121,412.127,598.136,825.888,276.342,323.917,567.864
2023-04-28,293.988,232.161,219.398,216.131,237.426,209.350,246.278,354.807,299.263,223.354,217.736,424.828,289.639,172.329,210.165,357.512,479.474,417.473,500.668,410.713,413.739,592.549,833.167,273.564,321.353,551.236
2023-05-31,301.178,231.673,226.116,210.824,242.536,214.959,252.525,368.502,306.808,221.207,215.935,432.542,279.491,178.925,215.647,371.373,485.214,420.327,504.043,407.660,410.556,620.419,801.759,277.085,324.615,559.828
2023-06-30,311.392,236.544,228.087,215.941,244.803,216.475,255.206,384.221,317.937,226.435,220.609,438.719,280.875,181.661,219.452,386.937,502.790,424.844,523.474,410.393,412.787,633.685,796.911,277.076,325.210,592.409
2023-07-31,319.410,243.582,236.890,220.444,254.443,225.327,264.771,393.243,325.175,231.314,225.362,461.148,282.493,185.757,224.699,395.924,523.013,441.744,543.406,424.453,426.563,667.993,810.340,285.173,335.347,616.543
2023-08-31,315.405,236.266,228.756,215.130,245.066,216.791,255.823,391.778,322.438,225.890,220.162,439.599,283.002,182.396,220.063,394.777,512.823,436.234,530.979,416.733,418.909,669.399,767.129,286.474,333.980,600.736
2023-09-29,309.959,234.552,228.734,211.710,243.821,215.656,255.689,383.100,316.280,223.758,217.984,438.858,286.156,182.682,220.143,385.901,500.448,430.363,515.758,408.190,410.434,672.115,755.901,284.325,330.719,580.649
2023-10-31,301.137,225.247,219.708,204.316,233.576,206.834,245.304,374.117,307.611,214.668,209.493,422.504,277.818,175.116,210.608,376.978,471.454,406.973,484.914,384.727,386.961,640.694,711.317,272.935,314.715,545.052
2023-11-30,318.651,237.850,228.904,217.435,244.235,215.716,256.193,396.757,325.935,227.502,221.783,442.056,296.933,182.342,220.404,399.559,499.456,432.404,513.493,408.831,412.567,680.478,786.575,280.888,326.647,574.908
2023-12-29,329.861,246.735,234.760,225.393,251.232,220.031,264.575,410.752,337.742,236.995,230.701,453.704,313.725,188.367,230.515,413.451,537.103,454.222,555.986,432.704,437.191,701.837,864.828,291.728,342.504,630.112
2024-01-31,337.415,248.423,234.717,229.033,249.954,218.720,264.556,423.293,347.585,242.048,235.959,439.965,318.745,197.187,238.855,426.466,531.866,453.991,549.754,432.507,437.265,701.409,855.441,296.215,345.522,619.072
2024-02-29,353.227,255.677,246.354,233.560,261.247,230.145,276.097,446.327,363.695,247.113,241.188,462.641,328.283,203.888,245.054,449.991,551.252,460.275,570.246,435.410,440.591,723.402,874.038,299.965,349.354,652.505
2024-03-29,365.043,264.194,253.578,242.614,269.603,237.538,284.245,461.337,376.129,255.959,249.617,475.049,338.186,209.129,251.632,465.254,570.837,474.386,593.634,453.991,457.896,725.412,899.882,310.842,362.749,679.902
2024-04-30,356.548,262.059,253.196,240.699,267.166,235.990,283.022,446.817,365.799,251.680,245.670,481.972,338.669,203.313,244.684,450.572,552.538,472.181,568.642,445.322,448.767,747.196,891.582,300.396,351.772,643.126
2024-05-31,365.441,265.604,253.069,248.499,267.970,236.138,283.511,460.218,376.378,257.371,251.342,477.395,353.166,203.378,245.827,464.537,565.838,480.137,585.571,457.812,461.146,740.774,970.768,297.958,350.360,663.063
2024-06-28,378.408,268.781,262.489,246.159,276.102,243.250,293.901,481.079,388.999,256.375,250.480,502.637,357.515,203.853,248.031,486.124,566.263,481.184,581.602,450.367,452.909,774.334,959.277,296.953,349.600,662.647
2024-07-31,380.833,272.374,265.239,248.957,278.110,245.031,296.865,482.999,392.068,261.889,255.363,499.311,348.725,212.564,256.595,488.082,593.429,494.731,615.503,470.859,474.152,766.572,980.721,316.426,368.421,705.385
2024-08-30,381.755,273.855,262.944,252.707,276.833,243.053,295.218,483.695,393.414,264.563,257.759,496.005,355.460,210.111,255.425,488.778,584.055,492.555,604.677,468.915,472.699,762.711,984.812,312.960,366.340,687.487
2024-09-30,387.421,278.923,274.069,251.569,289.771,254.586,307.692,489.873,397.334,265.300,258.006,524.788,341.799,210.658,258.369,495.139,591.618,503.203,610.943,477.671,480.788,784.349,989.493,320.178,377.378,692.096
2024-10-31,389.330,272.665,269.483,243.272,285.657,252.051,301.635,499.172,400.358,258.822,250.807,515.490,327.535,207.840,253.091,504.796,590.572,490.261,611.160,462.957,463.269,773.211,929.871,310.481,364.990,706.082
2024-11-29,415.154,277.731,271.707,245.954,289.329,253.506,305.916,544.408,430.404,266.675,256.338,510.826,326.147,215.226,263.706,551.219,638.638,501.700,668.798,477.561,476.515,777.143,924.922,322.178,379.073,796.342
2024-12-31,413.429,277.779,277.062,244.874,293.355,259.780,309.231,540.086,427.567,264.703,255.516,520.322,308.735,218.634,263.227,547.030,616.870,500.824,641.469,474.357,474.859,784.566,929.233,324.042,375.684,750.014
