Date,ACWI GROWTH,ACWI ex USA GROWTH,WORLD GROWTH,EAFE GROWTH,FAR EAST GROWTH,NORDIC COUNTRIES GROWTH,PACIFIC GROWTH,NORTH AMERICA GROWTH,ACWI VALUE,ACWI ex USA VALUE,WORLD VALUE,EAFE VALUE,FAR EAST VALUE,PACIFIC VALUE,NORDIC COUNTRIES,NORTH AMERICA VALUE,ACWI SMALL VALUE,ACWI ex USA SMALL VALUE,WORLD SMALL VALUE,EAFE SMALL VALUE,PACIFIC SMALL VALUE,FAR EAST SMALL VALUE,NORTH AMERICA SMALL VALUE
2000-12-29,100.000,100.000,100.000,100.000,100.000,100.000,100.000,100.000,100.000,100.000,100.000,100.000,100.000,100.000,100.000,100.000,100.000,100.000,100.000,100.000,100.000,100.000,100.000
2001-01-31,104.613,102.671,104.003,100.671,102.512,91.574,102.957,107.382,102.547,102.278,101.971,101.125,98.263,98.769,108.698,102.644,105.063,103.680,104.434,102.240,100.579,100.440,106.443
2001-02-28,92.418,92.106,91.753,91.467,95.241,66.933,95.879,91.992,98.616,98.460,98.057,97.131,98.440,98.738,99.129,98.797,104.067,104.144,103.516,103.214,103.003,103.893,103.791
2001-03-30,88.199,88.472,87.716,88.562,96.247,61.890,96.435,86.974,97.123,95.683,96.779,94.559,96.740,96.265,90.353,98.675,103.152,101.897,102.790,100.821,102.651,104.416,104.598
2001-04-30,94.952,94.274,94.514,94.358,100.298,75.657,101.022,94.635,103.197,101.733,102.993,100.926,103.889,103.879,100.683,104.747,108.762,107.507,108.842,107.183,112.971,115.425,110.359
2001-05-31,97.414,95.134,96.862,94.719,104.950,72.922,105.729,98.691,107.427,104.083,107.049,102.334,107.649,107.752,100.630,111.160,116.586,113.656,116.657,112.799,121.398,124.418,120.188
2001-06-29,94.163,90.734,93.591,90.230,98.179,63.055,99.533,96.473,104.600,101.019,104.158,99.005,102.688,104.077,97.301,108.662,117.090,111.601,117.286,110.533,121.283,123.916,123.478
2001-07-31,89.588,85.460,89.208,85.183,88.254,60.905,89.649,92.665,99.652,95.921,99.567,94.582,93.122,94.593,94.671,103.930,110.705,105.212,111.240,104.676,111.791,113.221,117.259
2001-08-31,81.082,78.454,80.628,78.310,80.077,48.831,82.072,82.614,92.799,91.935,92.490,90.489,90.076,91.365,89.596,94.215,107.179,103.203,107.495,102.848,110.309,111.094,111.731
2001-09-28,73.818,70.230,73.734,70.716,71.335,44.491,73.356,76.314,83.715,81.635,83.684,80.571,81.060,81.454,78.362,86.395,95.189,91.642,95.608,91.599,101.467,102.620,99.262
2001-10-31,77.920,74.044,77.725,74.344,74.051,52.662,76.367,80.618,84.655,83.756,84.408,82.499,80.030,81.712,82.446,86.068,99.157,95.154,99.588,95.258,105.171,105.316,103.540
2001-11-30,84.452,78.915,84.124,78.630,78.871,59.233,81.601,88.856,89.056,87.020,88.548,84.921,79.321,81.799,88.594,91.704,104.493,98.856,104.450,97.464,103.568,101.897,110.859
2001-12-31,85.665,80.567,85.006,79.525,75.395,62.478,78.623,89.728,90.406,88.420,89.703,85.912,75.287,78.422,92.529,92.988,107.882,99.394,107.488,96.346,97.714,94.839,117.847
2002-01-31,85.883,79.484,85.045,77.814,71.473,57.317,75.443,91.185,91.197,87.811,90.159,84.203,74.190,77.957,93.246,95.113,111.244,102.548,109.983,97.435,97.680,93.693,121.671
2002-02-28,85.731,80.134,84.866,78.489,73.505,55.070,77.379,90.314,89.150,87.522,87.965,83.871,75.910,79.380,96.882,91.475,112.579,104.949,111.317,100.039,101.919,98.241,121.794
2002-03-29,87.128,82.805,86.056,80.777,76.365,55.812,80.175,90.620,94.061,92.440,92.874,88.963,80.287,83.631,100.333,96.264,119.260,110.132,117.558,103.941,104.508,100.457,130.234
2002-04-30,81.089,80.597,79.900,78.624,78.497,43.540,81.534,81.214,88.715,90.080,87.449,86.803,81.402,84.159,98.871,88.314,119.328,111.105,117.645,105.304,105.262,101.933,129.125
2002-05-31,77.710,77.780,76.647,75.986,79.862,39.390,82.839,77.455,86.204,88.554,85.038,85.625,82.168,85.371,97.599,84.949,116.220,111.876,114.916,107.506,111.007,107.720,121.817
2002-06-28,69.212,71.194,68.313,70.026,71.925,36.778,74.793,67.373,76.311,79.224,75.316,76.689,73.235,76.034,92.391,74.629,105.624,102.355,104.598,98.977,102.168,99.122,110.053
2002-07-31,64.769,64.200,63.961,63.021,66.882,31.163,69.551,64.909,69.432,72.589,68.447,70.226,69.679,72.118,82.341,67.446,96.447,95.660,95.176,92.333,100.223,97.886,98.455
2002-08-30,64.787,63.887,63.921,62.514,66.012,32.295,68.900,65.205,69.678,72.864,68.681,70.416,68.752,71.703,81.853,67.715,96.901,95.752,95.643,92.396,100.202,96.797,99.224
2002-09-30,57.912,57.823,57.134,56.637,61.562,28.850,64.292,57.735,60.796,63.361,59.917,61.010,65.619,68.266,70.838,59.374,88.582,87.379,87.623,84.675,97.307,94.116,90.882
2002-10-31,62.276,60.991,61.451,59.713,59.258,35.354,62.709,62.963,64.857,66.402,63.949,63.989,60.411,64.344,75.388,64.171,89.587,88.318,88.433,85.009,93.262,88.953,92.040
2002-11-29,64.325,62.814,63.399,61.195,62.111,39.298,65.381,65.253,69.190,70.165,68.226,67.613,61.619,65.705,84.270,68.931,93.997,91.289,92.699,87.480,93.218,88.503,97.634
2002-12-31,58.611,58.115,57.773,56.663,57.280,32.859,60.407,58.791,61.874,63.822,60.932,61.300,56.589,60.499,74.035,60.926,87.832,86.601,86.609,83.153,89.000,84.104,90.248
2003-01-31,55.270,54.347,54.439,52.647,52.731,29.400,56.451,55.956,59.046,60.689,58.068,57.877,54.394,58.493,71.180,58.437,84.103,83.860,82.581,79.638,86.850,81.050,85.809
2003-02-28,54.409,53.117,53.633,51.311,52.630,28.657,56.145,55.544,57.406,59.110,56.460,56.244,54.496,58.437,67.733,56.842,82.239,82.661,80.810,78.687,90.280,85.356,83.449
2003-03-31,54.130,51.829,53.431,50.144,50.238,28.917,54.407,56.059,55.831,56.769,54.949,53.981,50.855,55.270,67.048,55.846,81.096,80.984,79.820,77.500,89.139,83.787,82.570
2003-04-30,56.712,54.927,55.970,53.278,48.697,33.389,53.637,58.165,60.341,61.414,59.397,58.535,49.479,54.590,78.157,60.239,86.654,86.789,85.384,83.357,90.675,84.543,88.017
2003-05-30,56.072,54.984,55.293,53.162,48.711,33.472,53.483,57.070,61.386,62.368,60.409,59.379,49.338,54.250,77.948,61.372,89.846,90.000,88.515,86.383,90.539,84.042,91.261
2003-06-30,58.340,57.521,57.426,55.398,53.181,33.177,57.996,59.138,64.226,65.975,63.128,62.696,54.160,59.315,79.348,63.698,94.742,96.491,93.149,92.261,99.932,93.242,95.100
2003-07-31,60.798,59.682,59.721,57.261,56.730,33.671,61.546,61.753,66.989,69.726,65.762,66.216,57.529,62.231,84.160,65.746,100.395,101.993,98.641,97.384,103.576,96.815,100.924
2003-08-29,63.712,62.747,62.451,59.776,63.681,36.048,68.532,64.648,70.363,73.882,68.963,69.908,65.652,69.696,89.913,68.630,107.413,110.016,105.420,104.796,115.175,109.177,107.367
2003-09-30,60.409,60.921,59.210,58.262,62.488,34.149,67.184,60.158,66.762,71.454,65.430,67.748,66.532,70.286,85.095,64.155,103.165,108.851,101.287,104.455,117.680,112.086,100.579
2003-10-31,64.171,64.630,62.845,61.722,65.223,36.874,70.784,63.934,70.916,76.612,69.411,72.412,69.974,74.111,94.289,67.694,110.510,116.405,108.333,111.171,123.578,117.081,107.955
2003-11-28,63.089,64.085,61.808,61.258,61.241,37.145,66.816,62.484,69.888,75.850,68.397,71.709,66.160,70.388,94.653,66.466,110.089,114.489,107.862,108.807,114.918,108.240,108.771
2003-12-31,62.864,64.992,61.562,62.221,61.434,36.458,67.360,61.358,71.577,78.234,70.021,74.102,67.541,71.966,94.862,67.581,110.121,115.918,107.760,110.066,116.868,109.960,107.744
2004-01-30,65.187,67.408,63.785,64.408,64.263,40.545,69.969,63.617,73.590,80.263,71.930,75.908,69.891,74.334,99.884,69.568,115.837,122.175,113.396,116.609,123.282,116.674,112.849
2004-02-27,66.048,68.830,64.548,65.618,63.307,43.725,69.647,64.058,75.253,82.592,73.449,77.957,70.881,75.817,104.242,70.738,119.095,126.736,116.360,120.752,125.511,118.295,115.067
2004-03-31,66.174,69.635,64.606,66.397,71.114,42.566,76.772,63.590,75.900,84.411,74.016,79.638,80.129,84.465,103.324,70.564,123.110,132.847,120.446,127.579,144.257,139.174,117.371
2004-04-30,66.271,68.879,64.911,66.377,69.217,39.119,74.807,64.133,75.952,84.061,74.283,79.971,77.659,81.592,100.074,70.788,120.293,131.272,117.791,126.886,141.905,137.640,113.372
2004-05-31,65.645,67.516,64.385,65.032,64.538,38.825,70.356,64.198,75.043,83.010,73.492,79.174,75.087,79.257,99.219,69.999,118.854,127.842,116.724,123.918,135.844,130.914,113.553
2004-06-30,66.689,68.645,65.465,66.104,66.897,40.552,72.490,65.288,77.380,85.767,75.825,81.916,80.267,83.938,103.234,72.071,124.005,133.326,122.043,129.887,145.158,141.727,118.525
2004-07-30,64.229,66.726,62.983,64.088,62.840,37.395,69.123,62.463,76.834,84.860,75.266,80.737,78.232,82.194,100.807,71.918,121.109,131.312,119.009,127.509,142.066,136.289,115.041
2004-08-31,63.569,66.460,62.199,63.558,63.181,37.431,69.449,61.496,77.086,84.905,75.420,80.584,78.203,82.370,101.920,72.275,121.517,131.636,119.205,127.502,142.056,135.963,115.369
2004-09-30,63.548,67.028,62.086,63.727,60.355,40.567,67.579,61.183,76.934,85.839,75.113,81.018,75.499,80.360,106.820,71.478,122.844,133.399,120.293,128.341,139.054,131.459,116.625
2004-10-29,63.537,67.594,62.104,64.303,60.646,40.039,68.082,60.808,76.982,86.867,75.132,81.850,75.063,80.620,109.535,70.962,122.698,133.989,120.097,128.851,139.310,130.550,115.985
2004-11-30,63.999,69.150,62.442,65.787,61.410,42.272,69.503,60.335,77.840,88.912,75.822,83.646,74.990,80.870,116.841,70.920,126.664,139.115,123.729,133.312,140.009,130.507,119.137
2004-12-31,64.973,70.398,63.355,67.050,63.269,41.809,71.441,61.002,79.086,90.804,77.004,85.497,76.517,82.534,115.432,71.660,129.212,143.629,126.060,137.664,143.663,134.187,120.270
2005-01-31,66.044,71.917,64.281,68.301,64.047,42.144,72.796,61.700,81.039,93.313,78.839,87.926,78.432,84.936,115.081,73.105,133.125,151.705,129.716,146.177,153.026,143.683,121.021
2005-02-28,66.707,73.903,64.738,69.764,63.871,43.859,73.350,61.444,82.826,96.373,80.346,90.342,79.076,85.771,123.143,74.008,135.459,156.237,131.568,149.440,153.866,145.395,122.040
2005-03-31,66.641,73.429,64.840,69.505,63.526,43.553,72.762,61.802,82.710,95.689,80.459,89.895,79.474,85.725,122.428,74.497,135.578,156.113,132.074,150.088,156.640,148.837,122.467
2005-04-29,65.592,72.209,63.855,68.622,62.472,43.566,71.346,60.740,81.452,93.634,79.236,88.007,78.643,85.224,119.060,73.714,132.223,152.815,128.760,147.455,155.989,148.926,118.714
2005-05-31,70.429,76.178,68.496,71.958,65.154,47.826,74.427,66.324,86.059,98.061,83.653,91.835,81.163,88.106,126.640,78.545,142.118,160.253,138.505,153.753,160.242,152.924,130.580
2005-06-30,72.252,78.742,70.184,73.981,66.340,49.626,76.873,67.786,89.035,102.347,86.401,95.397,83.296,90.894,129.936,80.769,149.191,167.125,145.253,159.712,166.817,157.703,137.867
2005-07-29,75.133,81.381,72.851,75.985,66.903,51.144,77.788,70.932,91.463,105.739,88.566,98.020,84.668,92.344,134.882,82.627,155.478,172.449,151.303,164.183,170.151,160.345,144.926
2005-08-31,74.847,82.712,72.593,77.200,70.580,51.338,81.294,69.660,90.921,106.684,88.009,98.932,87.857,94.951,136.629,81.089,154.105,174.815,149.984,166.833,173.141,163.591,141.209
2005-09-30,78.356,88.531,75.685,82.064,78.675,54.405,90.557,71.545,95.894,114.641,92.459,105.653,98.356,105.494,144.326,84.041,160.458,185.956,155.585,176.430,186.322,176.148,144.431
2005-10-31,77.013,85.964,74.565,80.347,78.450,51.312,89.139,70.832,93.601,111.062,90.531,103.053,96.685,103.365,139.872,82.554,156.299,180.880,151.858,172.814,187.702,179.641,140.615
2005-11-30,81.045,89.832,78.211,83.166,83.933,52.805,95.254,75.057,98.612,117.127,95.122,107.827,101.185,108.039,144.225,87.043,165.056,190.737,159.828,180.602,194.891,185.866,148.774
2005-12-30,82.980,94.680,79.876,87.523,92.010,56.136,103.364,74.844,101.005,121.937,97.213,112.114,107.454,113.797,152.652,87.701,169.695,201.699,163.910,191.159,209.240,202.283,149.031
2006-01-31,84.704,98.592,81.167,90.257,94.551,57.623,106.558,75.137,102.783,126.403,98.509,115.568,108.926,115.593,156.573,87.578,176.453,210.630,170.190,198.969,213.162,206.775,154.450
2006-02-28,85.440,99.247,81.823,90.881,94.578,58.690,106.330,75.818,105.399,129.457,101.069,118.514,111.477,118.238,162.471,89.891,180.304,215.720,173.839,203.970,211.665,204.337,157.317
2006-03-31,86.141,100.975,82.618,92.998,95.562,62.883,107.608,75.691,105.785,130.671,101.477,119.960,112.390,118.225,175.222,89.612,183.635,219.914,177.330,208.948,215.121,208.762,159.942
2006-04-28,84.936,101.766,81.209,93.408,93.747,63.835,106.779,73.003,105.724,132.167,101.157,121.007,112.598,119.217,178.559,88.380,181.081,221.420,174.152,208.902,211.434,204.127,154.848
2006-05-31,79.637,94.685,76.574,87.729,85.040,58.904,97.288,69.076,100.061,124.045,96.243,114.467,104.956,110.875,164.853,84.524,169.716,206.316,163.859,195.618,195.964,188.644,146.274
2006-06-30,79.863,95.095,76.794,88.243,85.019,58.436,97.312,69.096,100.595,124.280,96.778,114.821,104.011,110.315,163.016,85.173,168.970,202.860,163.736,194.072,191.934,183.883,146.981
2006-07-31,79.519,95.845,76.321,88.825,84.474,57.238,96.797,67.883,102.766,126.284,98.927,116.786,104.260,111.036,165.510,87.435,167.928,202.976,162.500,193.777,188.683,179.005,145.201
2006-08-31,81.453,98.140,78.109,90.694,85.216,59.314,97.814,69.621,104.958,129.544,101.130,120.013,106.200,113.355,169.915,88.980,171.885,208.042,166.332,198.310,191.861,181.702,148.644
2006-09-29,83.027,98.579,79.625,91.131,84.877,59.702,97.300,71.896,107.593,131.796,103.711,122.305,105.989,113.267,174.305,91.750,175.329,212.677,169.282,202.825,193.220,182.049,150.715
2006-10-31,85.402,101.498,81.840,93.524,85.411,62.553,99.134,73.999,110.904,136.530,106.815,126.671,107.826,116.208,183.273,94.039,181.800,220.092,175.375,209.073,192.833,179.179,156.726
2006-11-30,84.639,101.303,80.790,92.674,82.559,63.303,96.324,72.803,109.705,136.136,105.298,125.704,105.978,114.693,185.192,92.164,182.351,222.781,175.241,210.526,189.008,174.487,155.700
2006-12-29,86.414,104.690,82.273,95.772,84.244,66.998,98.550,73.156,113.475,141.513,108.769,130.751,111.018,120.073,198.948,94.610,187.135,231.793,179.421,219.414,193.586,177.976,157.271
2007-01-31,88.897,106.789,84.809,97.967,86.007,69.434,100.547,75.944,115.864,143.890,111.244,133.415,114.236,123.281,207.962,96.968,193.240,238.870,185.555,227.028,200.861,185.468,162.590
2007-02-28,86.876,105.605,82.904,97.115,86.541,66.363,101.596,73.287,113.524,142.487,108.982,132.350,117.418,126.161,204.371,93.911,192.052,239.545,184.160,227.246,205.498,190.814,160.298
2007-03-30,87.981,108.212,83.851,99.566,84.818,69.375,101.199,73.175,114.860,144.614,110.026,133.683,115.895,125.395,214.511,94.770,194.878,246.312,186.479,233.445,205.489,188.893,160.443
2007-04-30,89.673,110.373,85.381,101.295,82.043,74.234,99.081,74.573,116.942,147.528,112.069,136.370,110.868,121.944,227.347,96.394,197.149,252.034,187.831,236.441,203.803,184.452,160.868
2007-05-31,93.646,114.871,89.111,104.786,85.365,77.603,103.057,78.491,122.133,153.521,116.723,140.385,113.630,124.867,231.153,101.475,206.154,261.846,195.379,241.429,206.535,184.731,169.894
2007-06-29,93.349,115.599,88.424,104.675,85.319,78.419,103.857,77.399,120.918,153.929,114.983,139.856,112.592,124.099,226.594,98.929,202.313,260.025,190.666,237.148,206.427,183.808,165.012
2007-07-31,91.513,114.298,86.178,102.435,85.203,77.883,103.293,75.143,116.417,150.623,109.803,135.043,110.619,121.530,225.361,93.485,193.445,258.321,180.038,231.784,202.710,181.264,151.833
2007-08-31,91.870,113.415,86.740,101.844,83.618,79.459,101.492,76.509,116.265,148.287,109.813,132.678,107.573,118.305,216.343,95.076,190.983,249.087,178.447,224.327,195.266,175.487,153.231
2007-09-28,93.351,116.793,87.677,103.707,83.574,84.274,104.222,76.806,116.704,150.331,109.518,132.838,106.428,118.885,222.672,94.473,186.742,246.022,173.460,218.021,192.564,170.109,148.973
2007-10-31,96.023,121.398,89.567,106.039,83.235,84.222,105.267,78.391,118.303,155.740,109.987,135.588,104.996,118.959,220.537,93.438,188.985,252.922,174.887,222.689,192.432,168.136,148.731
2007-11-30,91.194,115.235,85.451,102.370,80.070,79.696,100.224,73.943,110.481,145.228,102.949,127.485,101.225,113.057,202.066,87.078,173.272,230.413,160.797,204.996,182.099,161.050,136.623
2007-12-31,90.959,114.278,85.158,100.590,77.663,78.893,97.332,74.683,109.176,143.342,101.438,124.950,98.245,109.519,197.945,86.241,170.804,226.874,157.809,199.140,176.784,156.237,135.144
2008-01-31,81.533,101.403,76.913,90.190,70.572,69.129,88.207,67.908,100.128,128.474,93.440,111.944,93.663,103.039,168.983,81.551,157.622,203.665,146.940,180.919,163.991,147.028,128.147
2008-02-29,80.949,103.142,75.747,90.355,69.507,72.060,88.133,65.820,96.440,127.102,89.164,109.319,91.487,100.229,177.662,76.144,153.857,206.603,142.323,181.663,161.638,143.853,120.824
2008-03-31,76.191,96.208,71.669,85.239,63.575,67.403,79.920,62.452,91.321,119.654,84.861,104.158,84.613,92.811,174.827,72.395,146.208,195.080,136.046,174.095,152.613,137.261,115.282
2008-04-30,81.991,103.460,76.981,91.033,69.955,70.236,88.486,67.444,97.977,129.640,90.652,112.305,91.765,100.449,185.783,76.643,153.744,203.087,142.812,179.528,159.312,142.100,122.651
2008-05-30,84.757,106.651,79.633,93.303,71.912,72.726,91.266,70.365,98.033,130.198,90.547,112.063,93.501,102.052,191.813,76.626,156.983,204.237,146.424,180.932,162.419,146.483,127.331
2008-06-30,77.785,97.707,73.459,85.743,65.457,64.992,84.170,65.133,87.518,116.442,80.814,99.984,86.072,93.058,161.321,68.412,138.801,182.049,129.670,160.827,147.121,135.276,112.462
2008-07-31,76.046,94.542,71.885,83.563,63.533,64.281,80.547,63.978,86.627,114.052,80.174,98.020,84.894,91.526,158.206,68.626,139.848,177.434,130.824,156.329,144.658,132.008,116.484
2008-08-29,78.531,94.825,74.824,84.347,63.543,63.849,80.975,68.413,90.208,116.046,84.109,100.422,87.285,93.626,163.343,73.551,148.366,181.254,139.997,160.449,145.276,132.790,128.138
2008-09-30,70.644,83.418,67.672,75.093,57.758,50.422,71.720,62.702,84.365,104.642,79.337,90.679,81.772,87.613,138.234,72.006,137.766,158.430,131.289,141.731,134.802,125.678,124.595
2008-10-31,62.449,72.216,60.433,66.723,52.522,41.608,63.974,56.227,75.291,90.202,71.593,79.788,77.744,81.114,115.182,66.296,118.393,132.107,113.785,120.647,123.885,121.851,109.099
2008-11-28,57.564,67.451,55.779,62.434,50.869,38.477,61.648,51.306,71.186,85.603,67.742,76.207,78.009,79.948,107.136,62.259,109.302,125.610,104.762,115.316,124.783,125.876,98.407
2008-12-31,54.604,65.371,52.730,60.626,50.327,37.936,60.840,47.384,67.146,82.213,63.603,73.483,76.290,77.994,100.856,57.200,106.893,124.582,101.832,113.382,123.438,124.968,94.961
2009-01-30,55.534,65.527,53.600,60.133,50.167,37.505,60.321,49.206,64.911,80.134,61.214,70.837,79.151,79.302,98.700,54.976,105.403,126.216,100.149,114.174,125.416,129.302,91.946
2009-02-27,51.586,60.441,49.603,55.003,43.973,33.441,54.069,45.987,57.790,72.661,54.149,63.441,71.527,72.234,92.598,48.123,94.190,115.595,88.692,103.132,110.393,113.773,80.309
2009-03-31,53.147,62.023,50.796,55.586,43.185,34.309,54.487,47.612,60.166,75.651,55.990,64.989,70.036,72.647,97.684,50.160,98.412,120.333,92.157,106.178,113.378,114.118,84.002
2009-04-30,58.395,68.486,55.445,60.518,46.620,41.519,59.205,52.079,68.815,88.913,63.805,76.362,79.429,82.172,121.148,55.640,117.471,143.509,109.678,125.797,124.390,123.841,100.290
2009-05-29,59.847,72.839,56.385,63.390,48.685,42.951,61.671,51.676,71.174,94.447,65.418,79.904,83.036,85.590,126.085,55.997,121.362,156.915,111.492,134.389,133.762,133.487,98.345
2009-06-30,60.391,72.737,57.020,63.893,49.860,42.790,63.414,52.406,71.027,94.204,65.287,79.818,84.800,88.330,122.546,55.838,123.247,159.634,113.343,137.929,143.165,142.473,99.265
2009-07-31,64.654,78.485,60.821,68.648,52.309,46.176,66.942,55.544,76.871,102.973,70.484,86.593,88.313,93.096,136.817,60.022,134.562,173.759,123.274,148.169,149.727,146.364,108.982
2009-08-31,65.107,79.095,61.447,70.020,53.145,47.556,68.354,55.639,79.894,107.183,73.787,92.039,89.265,95.861,146.736,61.974,142.719,185.100,131.698,161.315,157.229,151.762,114.772
2009-09-30,67.158,81.877,63.062,71.602,52.858,48.494,69.206,57.288,81.676,110.328,74.949,93.540,85.623,95.429,147.173,62.918,148.134,192.500,136.297,166.118,157.257,148.912,119.240
2009-10-30,66.005,80.773,61.920,70.856,51.056,48.131,67.468,55.854,79.077,107.095,72.294,90.514,83.685,93.350,146.620,60.508,140.956,187.406,128.882,160.215,152.547,142.900,111.039
2009-11-30,67.652,81.895,63.419,71.201,49.719,48.657,66.568,58.193,80.771,107.955,73.857,90.521,81.802,91.766,145.998,63.031,141.697,185.663,129.161,156.125,146.524,136.015,113.716
2009-12-31,72.759,87.828,68.085,75.985,53.349,50.547,71.298,62.809,85.675,114.925,78.059,95.567,85.434,96.287,153.670,66.681,154.943,198.587,140.922,164.058,153.083,140.831,127.447
2010-01-29,71.406,86.164,66.934,75.127,54.906,51.691,71.877,61.431,85.153,112.917,77.754,94.111,89.530,99.025,155.914,67.083,156.556,201.811,142.657,167.960,157.148,147.382,128.005
2010-02-26,74.061,88.157,69.564,76.494,56.766,52.795,74.870,65.012,87.350,114.479,79.814,94.555,92.269,102.258,157.918,70.120,162.593,204.476,148.477,168.476,162.775,153.515,136.623
2010-03-31,79.503,95.024,74.460,82.146,60.146,57.569,80.118,69.391,93.764,123.231,85.536,101.090,97.658,108.809,172.692,75.297,176.554,221.604,160.958,181.616,171.923,162.393,148.652
2010-04-30,81.172,96.055,75.933,82.231,61.334,61.897,81.082,71.893,95.424,124.031,86.885,100.824,99.130,111.010,170.187,77.629,186.479,230.114,170.201,188.163,180.866,171.403,159.224
2010-05-31,79.693,93.474,74.487,79.324,60.800,58.038,78.683,71.510,93.513,119.808,85.031,96.090,99.419,108.434,158.649,77.550,182.374,220.362,166.628,178.442,176.598,171.001,158.874
2010-06-30,77.510,92.973,72.247,79.453,60.148,58.584,77.662,67.542,90.630,117.780,82.045,94.332,98.412,107.098,157.232,73.811,175.135,219.617,158.761,178.066,177.229,173.683,147.099
2010-07-30,78.594,94.649,73.170,80.921,59.462,61.685,77.912,68.076,92.392,121.595,83.696,98.172,95.284,105.847,166.540,74.075,177.691,223.718,161.113,181.480,173.733,166.958,148.868
2010-08-31,77.911,94.914,72.336,80.703,59.087,60.650,77.186,66.791,91.204,120.488,82.438,97.099,96.979,107.410,159.867,72.707,174.642,224.515,157.262,180.379,175.694,168.001,143.595
2010-09-30,80.256,97.675,74.423,83.112,59.225,66.123,78.651,68.659,92.109,122.645,82.987,98.483,93.753,105.835,173.486,72.730,179.964,232.100,161.799,185.985,175.637,163.834,147.530
2010-10-29,82.040,99.067,76.196,84.337,59.501,65.829,79.381,70.846,93.318,124.752,84.127,100.535,93.935,105.955,175.193,73.293,183.303,236.846,164.490,188.591,173.212,159.966,150.237
2010-11-30,86.497,102.952,80.489,87.162,64.689,68.465,85.415,76.251,96.423,126.417,86.868,100.369,102.071,113.331,171.674,77.828,193.681,244.082,174.215,192.150,185.392,172.961,163.082
2010-12-31,89.575,107.506,83.375,91.218,66.625,73.646,89.027,78.307,100.989,132.543,91.010,105.527,106.156,118.526,186.783,81.303,205.170,261.538,185.072,208.559,198.100,184.179,170.891
2011-01-31,88.105,104.651,82.481,89.516,65.257,72.534,86.332,77.995,101.425,132.974,92.122,107.922,104.342,116.206,192.356,81.595,202.308,257.126,183.390,207.626,194.251,182.404,168.826
2011-02-28,89.633,106.421,84.400,91.702,66.354,73.267,88.236,79.734,104.031,135.714,95.021,110.757,107.463,119.877,189.199,84.518,206.269,258.454,188.639,210.850,197.574,185.546,175.112
2011-03-31,87.544,103.951,81.744,88.151,60.685,73.585,82.629,77.712,100.701,131.013,91.116,104.298,95.678,109.527,186.075,82.251,202.688,253.251,184.553,204.011,186.869,173.158,172.520
2011-04-29,87.324,104.568,81.593,89.468,58.992,75.563,80.897,76.483,100.080,131.085,90.767,105.595,91.792,107.014,190.811,80.868,200.635,253.318,182.421,204.727,180.995,165.539,168.916
2011-05-31,88.599,105.325,82.870,90.260,59.976,75.007,81.773,78.125,100.585,130.713,91.267,104.958,93.479,107.493,185.092,82.078,202.348,253.909,184.108,205.249,182.230,167.447,171.189
2011-06-30,86.454,102.656,80.861,88.103,59.369,71.145,80.482,76.208,98.178,128.059,89.075,103.090,94.006,107.752,173.402,79.687,196.291,246.467,178.551,199.833,182.935,170.281,165.626
2011-07-29,86.735,102.962,81.075,88.282,61.991,68.341,83.045,76.447,96.377,126.439,87.160,101.411,98.095,110.594,166.521,77.629,194.109,247.331,175.652,198.182,189.122,177.439,162.105
2011-08-31,80.409,94.265,75.427,80.620,56.390,60.430,76.118,72.194,88.971,114.991,80.627,91.529,90.909,103.730,153.434,73.274,176.949,224.605,160.646,181.091,178.813,168.330,148.342
2011-09-30,77.397,88.571,73.240,77.135,57.234,55.846,74.934,70.913,87.318,111.339,79.842,90.197,94.738,105.307,144.974,72.843,168.173,211.572,153.695,174.582,180.857,175.964,141.231
2011-10-31,82.965,94.678,78.278,81.703,56.937,61.425,76.617,76.316,92.376,117.752,84.145,94.718,91.168,105.643,159.614,76.986,179.730,220.157,164.579,179.410,177.607,165.627,155.150
2011-11-30,83.636,93.422,79.412,80.946,55.999,61.949,74.940,78.795,92.565,115.371,84.739,92.914,89.837,103.685,156.075,79.118,180.329,213.923,166.265,174.675,176.869,166.001,160.163
2011-12-30,85.747,95.318,81.428,82.848,58.007,62.900,77.116,80.905,96.696,118.895,88.768,95.780,94.608,108.683,156.918,83.857,186.927,218.592,172.564,177.536,183.506,173.978,168.221
2012-01-31,90.419,100.603,85.508,86.643,60.429,65.897,81.342,85.216,100.973,126.322,91.684,99.931,99.746,114.854,163.404,85.975,199.936,236.911,183.740,191.670,194.649,183.104,177.737
2012-02-29,93.215,104.191,88.016,89.912,62.173,72.353,83.264,87.191,103.467,130.295,93.831,103.100,103.175,118.017,177.542,87.463,205.573,248.314,187.958,199.923,199.569,186.838,179.783
2012-03-30,94.664,103.837,89.835,90.449,63.246,71.528,83.402,89.950,104.167,128.311,95.156,102.442,103.441,118.217,173.944,90.041,207.800,246.582,191.081,200.862,201.829,190.508,184.034
2012-04-30,94.806,103.829,89.911,90.205,62.233,72.071,82.653,90.258,102.883,125.813,94.060,99.913,101.217,117.411,165.976,89.858,206.742,243.789,190.334,198.246,200.537,188.185,184.285
2012-05-31,92.402,98.811,87.958,85.679,60.725,66.421,79.617,90.146,100.237,119.018,91.970,94.431,98.202,112.972,150.842,89.913,201.761,230.636,185.910,185.978,193.556,184.134,184.041
2012-06-29,93.580,100.840,89.121,88.017,61.918,69.371,81.058,90.484,103.463,124.157,95.166,99.919,101.070,117.376,159.805,91.637,204.209,233.476,188.291,189.376,194.749,185.807,185.829
2012-07-31,98.017,105.820,93.234,92.251,63.161,75.025,83.947,94.537,107.780,129.207,99.095,103.545,103.096,122.988,173.426,95.737,209.856,240.693,193.586,194.357,200.810,189.007,191.256
2012-08-31,98.097,105.130,93.649,91.886,62.057,75.149,82.369,95.507,107.324,129.394,99.014,104.627,99.105,118.858,173.266,94.916,210.788,240.758,194.704,194.662,194.656,183.053,192.814
2012-09-28,98.833,106.597,93.968,92.361,62.330,75.694,82.991,95.717,108.804,131.830,100.003,105.914,100.576,120.024,177.009,95.710,214.482,248.152,197.507,200.319,197.035,185.759,194.006
2012-10-31,96.761,105.961,91.848,92.052,61.096,74.790,82.060,92.300,108.079,131.739,99.475,106.486,98.271,118.799,171.193,94.485,212.712,247.171,196.235,201.668,194.826,182.052,191.293
2012-11-30,98.453,108.010,93.420,94.387,62.425,76.161,83.523,93.343,108.162,133.228,99.596,108.144,100.166,120.733,176.910,93.630,214.147,249.246,197.396,203.697,197.118,184.856,191.961
2012-12-31,98.524,109.495,93.102,95.329,63.681,77.348,85.189,92.113,110.020,136.932,100.960,110.989,104.463,124.877,181.813,94.058,219.936,258.609,202.433,211.992,203.528,191.109,195.091
2013-01-31,99.422,110.141,94.344,96.913,63.684,80.561,85.455,93.117,112.548,139.078,103.806,114.148,106.125,127.653,193.527,96.691,226.460,264.575,209.233,219.063,207.159,193.426,201.673
2013-02-28,103.760,114.544,98.589,101.099,67.902,82.241,91.190,97.433,116.220,141.106,107.443,115.707,111.775,135.585,201.376,101.608,237.915,276.130,220.022,230.318,222.206,207.563,212.094
2013-03-29,107.818,117.491,102.985,104.477,72.471,81.894,95.422,102.597,120.208,143.139,111.668,117.942,116.990,141.542,204.597,107.059,248.843,283.964,231.028,237.904,237.494,224.652,224.952
2013-04-30,107.360,117.918,102.661,106.035,76.189,81.552,98.871,100.908,121.163,145.456,113.065,122.068,122.338,148.032,206.561,106.737,246.507,286.001,228.789,241.637,239.263,228.956,219.341
2013-05-31,109.065,117.673,104.530,105.611,74.284,81.661,95.151,104.448,122.752,143.919,115.002,120.767,116.720,137.774,207.033,110.674,251.083,284.553,233.312,239.218,221.638,214.997,227.731
2013-06-28,105.433,112.604,101.475,101.975,74.596,76.286,93.495,101.780,118.956,136.821,112.030,115.655,116.668,136.096,194.363,109.103,242.702,269.042,227.199,229.332,214.634,211.849,223.771
2013-07-31,108.130,114.296,104.653,104.522,73.899,81.624,93.089,105.420,122.046,140.730,115.345,119.840,115.545,135.107,208.738,111.835,250.740,276.427,236.081,238.502,213.912,209.357,232.402
2013-08-30,107.053,113.345,103.664,103.868,72.685,81.705,92.540,104.190,119.853,139.965,113.110,119.079,113.812,134.015,205.010,108.652,245.598,276.551,231.250,240.481,213.815,207.857,223.844
2013-09-30,110.008,117.677,106.416,108.206,76.665,84.876,97.342,105.850,122.398,146.305,115.269,125.085,119.365,140.555,215.105,108.286,254.512,290.503,239.789,255.201,228.631,223.310,228.882
2013-10-31,113.574,120.970,109.623,110.514,77.403,83.050,99.056,109.706,127.177,151.639,119.794,129.698,118.219,141.458,228.083,112.732,263.054,300.075,247.963,264.614,230.117,222.730,236.287
2013-11-29,115.261,121.200,111.608,111.301,78.584,84.913,99.150,112.535,128.500,151.418,121.514,130.371,119.018,140.534,229.618,115.143,264.893,297.651,250.414,264.303,226.867,221.909,240.240
2013-12-31,116.110,120.987,112.886,111.777,78.495,85.727,98.487,114.402,128.874,150.717,122.311,130.566,117.716,138.238,236.632,116.316,266.766,299.185,252.744,266.920,225.905,221.076,242.386
2014-01-31,113.869,117.723,111.041,109.094,76.591,85.935,96.017,113.150,126.446,147.360,120.385,128.650,115.583,135.119,228.995,114.397,266.745,299.624,253.145,269.152,227.299,224.013,241.791
2014-02-28,117.068,120.986,114.246,112.363,74.892,92.164,95.436,116.328,128.846,150.771,122.991,132.683,113.297,134.766,242.946,116.073,273.080,307.826,259.376,277.257,222.892,216.350,246.940
2014-03-31,116.586,121.327,113.413,111.867,74.061,91.083,95.387,115.246,131.099,151.760,124.791,132.132,112.376,135.609,243.253,119.333,276.178,310.173,261.920,277.914,226.064,218.376,250.480
2014-04-30,116.302,121.469,113.182,111.999,71.846,91.008,93.472,114.750,132.331,153.763,126.091,134.200,110.868,134.808,246.501,120.145,272.986,309.396,258.563,275.777,223.869,215.099,246.490
2014-05-30,121.430,126.182,118.060,116.035,75.902,92.121,98.158,120.268,136.490,158.828,129.774,138.120,117.182,141.215,258.091,123.652,281.115,318.828,265.755,283.183,232.510,224.834,253.486
2014-06-30,123.174,127.567,119.656,116.496,78.846,92.204,100.578,122.690,138.736,161.344,131.776,139.299,122.011,145.814,255.561,126.161,288.946,324.265,273.562,286.368,242.320,236.671,263.694
2014-07-31,124.411,128.636,120.504,116.483,82.258,92.145,105.180,124.163,140.360,164.226,132.674,140.205,125.996,151.190,253.037,127.047,286.375,326.124,269.711,285.995,249.840,242.717,258.025
2014-08-29,129.736,131.852,125.738,118.599,81.999,93.834,105.608,131.677,145.080,167.162,137.035,141.653,125.353,151.553,255.567,133.217,298.705,332.481,281.567,289.218,253.753,245.936,274.365
2014-09-30,131.219,131.506,127.768,119.258,84.393,96.146,106.191,134.712,145.996,164.998,138.766,141.611,127.914,150.660,258.009,136.062,293.242,326.081,276.051,284.399,250.891,247.324,268.535
2014-10-31,133.961,132.131,130.332,119.182,85.321,94.858,108.258,139.201,147.413,163.639,140.067,139.891,127.681,153.011,251.101,139.271,300.431,320.317,283.836,279.760,250.514,244.956,282.913
2014-11-28,137.982,134.738,134.693,122.348,86.337,97.542,107.568,144.451,149.390,164.408,142.397,141.389,128.488,151.912,247.569,142.113,301.675,320.093,285.378,281.248,248.051,244.832,284.420
2014-12-31,139.404,134.124,136.448,121.647,87.230,96.106,108.498,148.012,150.947,162.876,144.427,140.662,130.399,154.081,239.785,145.860,311.355,325.392,295.618,287.923,256.804,254.886,296.538
2015-01-30,148.719,144.903,145.177,132.058,95.845,105.063,118.059,155.551,157.576,172.762,150.419,150.412,143.238,167.687,261.485,149.455,328.637,347.314,311.199,309.831,278.923,280.628,308.369
2015-02-27,158.461,153.262,155.230,140.437,99.945,113.072,124.021,166.885,166.787,183.497,159.529,160.801,153.010,179.819,280.418,157.702,347.296,368.752,330.040,332.632,291.550,291.522,324.760
2015-03-31,163.905,158.352,160.500,145.069,106.757,118.270,130.899,172.647,170.393,187.431,162.997,164.639,160.607,187.746,281.279,160.913,361.961,378.925,344.054,341.614,303.435,304.910,341.451
2015-04-30,160.382,158.459,156.307,144.270,105.727,115.402,129.535,165.920,169.477,189.967,161.121,164.777,162.321,187.358,284.826,157.783,353.550,385.545,333.100,342.069,301.036,303.104,324.221
2015-05-29,164.444,160.212,161.037,147.342,108.248,117.576,131.922,171.899,172.167,190.130,164.450,166.786,167.983,192.035,284.539,161.918,363.532,393.445,342.755,350.647,309.350,312.060,334.363
2015-06-30,158.710,153.532,155.552,141.246,105.031,111.414,127.200,166.848,164.676,181.524,157.257,159.040,161.603,183.649,273.216,155.113,350.668,376.961,332.013,339.853,298.821,305.241,323.767
2015-07-31,162.869,155.238,161.185,145.874,104.902,116.748,127.617,173.254,166.011,181.548,159.897,163.176,164.329,185.850,276.870,156.811,346.869,369.993,330.951,342.601,293.494,299.669,320.547
2015-08-31,149.484,141.569,148.221,133.481,96.344,107.382,116.144,159.815,152.577,165.090,147.430,148.802,150.753,168.789,255.210,145.602,323.665,343.990,310.545,322.470,275.037,281.967,300.224
2015-09-30,144.816,136.741,143.437,128.685,90.260,105.142,109.623,155.025,147.399,156.556,142.390,140.061,142.671,159.890,242.414,142.883,314.465,336.150,300.456,313.266,269.195,276.546,289.754
2015-10-30,158.160,148.645,156.783,140.763,101.335,111.881,121.909,169.370,160.279,169.756,154.924,151.949,156.755,174.861,252.906,155.736,336.685,359.754,321.596,335.186,291.467,298.523,310.210
2015-11-30,164.795,153.727,163.735,146.216,105.781,118.721,128.053,177.480,165.478,172.112,160.651,154.984,159.601,178.377,263.969,163.091,352.570,369.037,338.069,346.502,303.514,311.973,329.453
2015-12-31,157.691,147.532,156.722,141.047,103.045,116.003,125.727,169.056,157.620,163.177,153.119,147.779,156.091,174.921,250.124,155.405,333.937,357.919,319.132,337.520,296.150,303.738,304.992
2016-01-29,148.404,138.974,147.533,132.597,95.461,109.902,116.692,159.279,149.060,151.608,144.914,136.291,142.530,159.299,234.352,149.365,311.467,331.986,298.121,312.950,276.001,283.275,286.281
2016-02-29,146.606,136.661,145.754,129.755,93.625,106.947,114.888,158.306,147.590,149.433,143.315,133.103,137.880,154.363,235.105,148.795,313.261,333.757,299.729,311.989,274.179,279.110,289.364
2016-03-31,149.868,140.166,148.315,131.667,94.339,108.279,117.095,161.368,151.437,154.902,146.011,135.283,138.857,157.898,238.996,151.805,325.592,346.666,310.846,321.304,280.091,280.567,301.420
2016-04-29,150.000,141.571,148.590,133.499,98.166,110.272,120.855,160.460,154.227,159.948,148.871,139.905,142.820,163.009,240.958,153.517,332.446,357.099,317.608,329.942,291.140,292.924,307.001
2016-05-31,155.399,144.712,154.333,137.001,100.072,113.217,123.279,167.918,157.980,160.052,153.429,141.650,144.796,164.318,242.807,159.841,342.267,361.534,328.582,337.695,295.945,298.943,319.756
2016-06-30,154.867,144.441,153.064,134.858,100.586,109.993,124.080,167.290,157.257,156.089,151.880,134.897,139.481,159.379,232.931,161.787,338.348,351.365,323.009,319.450,292.434,293.271,322.001
2016-07-29,161.096,150.401,159.220,140.529,104.925,114.334,130.191,173.834,162.342,162.956,156.535,141.059,148.981,170.566,237.683,165.391,354.644,371.030,338.626,339.456,312.964,312.369,334.779
2016-08-31,161.178,150.472,158.654,139.113,103.300,109.183,127.591,173.896,164.683,166.323,158.637,143.922,153.688,174.620,245.197,166.964,358.275,374.257,341.377,341.912,311.602,310.291,337.676
2016-09-30,161.186,151.448,158.489,139.922,105.694,106.345,130.012,173.009,163.728,166.328,157.634,144.013,153.036,174.983,250.853,165.240,359.477,378.031,342.566,346.384,318.332,318.124,336.852
2016-10-31,160.528,149.984,157.456,137.274,107.827,101.417,131.554,173.148,166.961,171.460,160.354,147.984,160.148,182.294,248.029,167.088,359.678,381.744,341.790,349.410,329.694,333.359,333.757
2016-11-30,164.892,149.085,162.847,137.011,106.635,101.032,130.883,182.723,176.156,175.677,170.292,151.978,165.564,189.141,252.857,180.941,387.041,386.340,371.404,353.995,333.274,335.846,378.365
2016-12-30,167.715,152.134,165.928,140.843,106.222,104.819,130.997,185.255,182.744,183.047,177.147,159.847,167.884,192.789,269.799,187.056,400.950,398.987,385.950,368.070,342.138,343.870,393.054
2017-01-31,170.010,154.459,167.709,142.090,108.122,106.667,133.535,187.439,181.338,184.172,175.201,159.850,171.145,196.268,275.565,183.826,400.695,405.475,384.243,372.309,346.373,348.501,387.627
2017-02-28,178.361,160.252,176.087,147.716,111.412,108.434,138.004,197.904,188.979,189.557,182.335,163.685,176.242,203.475,280.714,193.098,417.527,423.170,398.847,386.802,364.372,367.055,402.144
2017-03-31,180.418,163.721,177.779,150.730,111.870,109.844,138.912,198.613,188.968,192.567,182.100,167.169,173.968,202.201,288.379,190.364,415.471,427.121,395.709,389.641,359.654,360.086,395.277
2017-04-28,181.719,165.480,178.839,152.500,111.905,114.038,138.162,199.148,186.686,191.799,179.848,167.636,172.096,199.506,296.486,186.307,413.669,429.796,394.265,396.961,356.257,358.284,388.339
2017-05-31,181.929,167.372,178.978,155.161,114.088,115.123,139.308,197.415,182.641,189.596,175.694,166.096,168.292,191.741,302.447,180.440,399.174,424.691,379.968,395.034,349.386,352.228,366.456
2017-06-30,178.861,165.143,175.476,151.978,113.182,114.411,138.776,193.661,182.261,187.949,175.573,164.253,168.269,192.373,298.045,181.457,400.433,422.852,381.477,392.113,353.050,354.035,370.779
2017-07-31,178.215,165.293,174.055,150.586,112.476,113.869,138.006,192.210,180.884,188.927,173.675,164.212,166.082,191.294,298.321,178.345,397.178,424.686,377.610,393.884,351.340,351.356,363.315
2017-08-31,178.900,165.560,174.473,150.161,111.635,116.804,137.327,193.255,178.513,187.432,170.818,161.828,165.012,189.242,296.154,175.198,392.785,424.617,372.314,392.127,352.646,352.859,355.794
2017-09-29,182.500,169.417,178.080,153.868,113.460,119.272,138.720,196.801,183.918,192.191,176.982,167.765,169.232,193.281,304.443,181.456,409.227,435.932,389.603,405.207,359.653,362.247,375.608
2017-10-31,190.504,176.060,185.692,159.694,120.767,123.471,146.848,205.775,189.002,197.671,181.411,171.567,177.414,201.498,301.350,186.260,418.625,447.322,397.368,414.528,373.390,377.113,382.301
2017-11-30,190.042,173.907,185.499,157.899,122.702,117.450,148.751,206.780,187.909,194.127,180.938,169.127,177.028,199.695,290.184,187.108,417.182,443.123,396.358,411.654,373.438,377.567,382.494
2017-12-29,191.513,176.410,186.571,159.417,122.699,117.311,150.149,207.509,189.830,197.221,182.207,170.511,177.892,201.716,291.948,188.291,421.447,454.623,399.364,421.202,379.504,381.779,381.264
2018-01-31,196.557,178.904,191.129,160.791,124.294,118.259,151.614,214.520,191.753,201.385,183.126,173.233,178.768,202.050,300.272,188.016,418.030,457.784,394.468,423.607,379.287,382.271,371.725
2018-02-28,193.947,174.557,188.900,157.209,125.532,117.074,152.525,213.329,186.004,195.497,177.540,168.532,178.272,200.811,298.048,181.898,407.098,447.279,384.142,415.717,378.405,383.305,359.937
2018-03-30,188.247,170.743,183.255,154.031,122.200,113.404,147.741,205.783,180.487,189.677,172.225,163.108,172.447,192.676,290.472,176.702,402.530,436.999,380.737,406.895,365.874,370.859,360.049
2018-04-30,192.859,175.105,188.352,159.152,124.660,115.028,152.017,210.863,186.073,197.831,177.654,171.145,179.600,199.754,295.957,180.369,415.480,453.515,393.288,422.730,377.289,382.143,370.370
2018-05-31,203.508,180.211,199.834,164.399,129.701,117.432,158.968,227.134,189.133,196.428,181.364,169.464,181.044,202.159,295.899,187.562,434.873,457.817,413.603,425.561,384.618,387.649,401.609
2018-06-29,202.782,177.294,199.894,162.430,125.524,115.507,155.446,228.784,187.665,192.121,181.052,167.280,175.762,197.559,297.212,188.430,429.499,443.957,411.202,416.312,373.315,375.265,403.492
2018-07-31,207.122,179.953,204.674,165.436,124.914,120.859,155.243,234.943,194.197,197.646,187.277,171.714,178.051,200.628,305.671,195.738,435.118,448.800,416.465,420.411,374.863,376.491,409.410
2018-08-31,213.002,178.927,211.953,165.896,126.510,121.134,157.094,247.563,193.845,192.618,187.273,166.400,177.128,198.620,307.495,199.082,439.578,444.505,421.932,416.751,373.057,374.403,420.522
2018-09-28,213.132,177.755,212.729,165.769,129.485,120.855,159.210,249.048,196.154,196.436,189.371,170.132,182.807,203.902,318.659,200.128,433.456,442.429,416.565,417.367,378.538,380.363,411.454
2018-10-31,198.049,165.158,197.877,154.278,118.507,112.251,146.663,231.598,189.956,187.536,183.842,162.824,174.698,194.572,294.210,195.760,405.544,415.512,389.925,392.247,356.339,359.516,384.145
2018-11-30,200.476,167.779,199.319,154.844,121.983,111.154,149.623,233.722,193.462,188.379,186.959,162.033,174.469,195.626,289.976,201.309,409.699,415.420,392.408,388.720,362.141,364.492,390.424
2018-12-31,184.815,158.576,182.772,145.976,113.356,106.976,140.031,211.160,177.895,178.230,170.759,152.641,164.160,184.522,276.204,180.942,371.303,390.860,352.523,362.052,335.017,337.185,342.581
2019-01-31,199.781,169.997,197.343,154.808,119.119,112.941,148.141,230.191,190.160,190.890,182.352,162.247,175.159,196.203,288.899,193.706,406.028,419.006,387.134,389.017,354.066,354.841,381.662
2019-02-28,207.623,175.932,205.715,161.366,123.229,119.171,153.212,239.964,195.872,194.686,188.471,166.213,174.476,197.484,290.239,201.142,419.382,428.711,400.446,398.319,360.658,358.610,397.367
2019-03-29,215.398,181.318,213.626,166.513,126.471,124.185,157.363,250.020,199.036,196.549,191.537,167.702,177.194,200.457,282.893,205.186,420.951,433.718,400.930,401.664,365.325,362.554,396.020
2019-04-30,224.526,187.385,222.969,172.295,129.804,127.288,161.266,262.127,204.786,201.097,197.461,171.939,178.746,202.242,291.233,212.131,432.275,441.918,412.780,411.851,368.924,365.460,408.790
2019-05-31,212.913,178.788,212.422,166.577,124.600,120.759,155.842,247.838,193.258,190.883,186.089,162.909,171.530,196.942,269.987,199.368,405.110,420.799,385.868,391.352,355.086,350.602,378.149
2019-06-28,222.789,186.563,222.218,173.594,127.904,127.701,160.342,259.793,200.739,196.831,193.495,167.904,174.605,200.635,279.603,208.222,416.259,430.212,396.861,399.542,358.591,354.963,390.779
2019-07-31,230.214,190.421,229.863,176.908,131.405,125.634,165.371,270.819,204.352,196.749,197.573,167.872,176.362,202.801,279.544,214.818,424.470,433.904,405.557,402.931,369.203,364.950,402.702
2019-08-30,229.648,189.040,230.052,176.688,130.799,125.215,164.178,271.333,199.448,190.019,193.488,162.752,173.125,197.755,273.038,211.396,412.016,426.769,394.312,398.955,364.650,362.462,387.032
2019-09-30,233.343,193.226,233.433,180.520,135.392,127.750,169.269,274.334,208.997,199.846,203.142,172.335,182.301,208.296,289.369,221.039,431.660,444.775,413.960,417.666,383.690,381.644,407.045
2019-10-31,235.381,195.684,234.960,182.716,138.735,132.258,173.123,275.318,208.769,201.790,202.607,174.480,186.802,211.289,284.134,218.858,434.478,452.247,416.658,427.879,393.181,394.428,405.000
2019-11-29,245.639,201.020,246.064,188.198,141.117,137.694,177.209,290.836,214.858,204.572,209.176,177.243,188.882,213.125,279.884,227.741,447.665,464.067,430.152,440.279,398.223,399.662,419.033
2019-12-31,249.805,205.643,248.830,190.136,141.944,140.598,177.521,294.242,218.459,210.022,211.719,180.459,189.828,214.464,295.485,229.835,457.898,478.725,439.033,451.052,398.440,398.816,426.621
2020-01-31,255.950,206.296,256.301,191.489,142.198,141.660,178.774,306.438,213.782,203.301,208.178,176.178,187.380,212.151,292.375,226.794,445.105,466.803,427.240,441.604,391.075,391.195,413.480
2020-02-28,240.183,192.937,239.552,176.511,130.988,134.143,163.986,288.315,195.767,187.586,189.841,160.921,174.646,196.366,269.694,206.651,404.270,426.469,386.813,400.986,350.985,352.788,373.629
2020-03-31,215.395,171.992,215.869,160.451,124.835,124.901,151.093,258.735,162.945,153.515,158.188,132.555,154.066,167.154,216.536,173.178,305.779,332.590,292.585,320.170,303.273,316.569,271.987
2020-04-30,242.552,187.165,243.869,172.648,132.783,134.957,163.254,298.970,177.477,163.556,172.350,139.898,162.427,178.550,239.200,191.553,343.565,368.612,328.478,348.581,326.470,331.727,312.224
2020-05-29,253.025,192.314,255.744,179.286,137.760,143.794,168.675,314.896,178.983,164.248,174.458,141.944,163.374,180.848,249.503,193.683,351.306,376.706,336.736,358.181,340.732,343.345,319.544
2020-06-30,263.339,200.131,264.752,183.320,140.708,145.799,173.393,327.739,179.461,169.117,173.982,145.592,160.906,180.822,252.001,190.585,357.684,383.644,340.751,358.490,338.038,336.300,325.668
2020-07-31,268.645,202.972,268.721,181.929,134.581,151.293,167.052,335.836,175.589,164.015,169.454,138.553,147.209,168.216,260.707,187.690,348.461,376.129,330.323,346.180,313.967,307.236,316.477
2020-08-31,286.543,208.876,288.275,187.892,141.009,157.766,174.872,365.862,180.816,169.456,175.321,145.014,158.719,180.025,272.417,193.130,364.588,396.777,346.322,368.082,337.680,330.038,328.825
2020-09-30,282.485,211.157,283.232,190.377,146.662,161.417,179.473,355.030,178.704,165.664,173.082,141.104,158.848,177.758,265.508,191.977,360.498,396.168,341.617,368.074,346.329,343.296,321.451
2020-10-30,277.463,208.841,275.801,184.060,145.317,154.925,178.069,346.730,175.529,162.460,169.312,136.329,157.353,176.952,255.219,188.880,365.203,390.172,346.115,358.372,342.317,337.293,334.165
2020-11-30,297.943,224.045,297.781,201.253,162.081,169.679,196.990,372.428,196.113,185.271,189.621,157.897,169.020,194.136,295.708,208.210,417.107,440.170,396.332,404.708,361.812,348.057,385.982
2020-12-31,306.171,230.545,305.507,206.345,164.593,174.381,200.025,382.197,199.749,191.189,191.976,161.205,172.686,199.535,297.920,210.009,436.603,459.973,414.667,422.598,374.102,357.257,404.336
2021-01-29,307.947,233.595,304.674,204.992,163.446,175.307,198.708,381.801,199.605,192.220,191.389,161.087,174.347,201.857,301.578,209.148,445.215,460.967,423.980,423.813,375.425,359.945,418.431
2021-02-26,308.820,232.958,306.177,204.469,161.430,175.429,195.594,384.935,208.677,200.734,200.569,168.914,183.790,213.281,315.967,219.120,475.787,484.136,453.411,442.696,389.325,373.659,453.912
2021-03-31,319.642,239.829,318.820,213.600,165.516,186.763,201.606,400.265,226.385,213.094,218.972,180.318,195.433,225.105,338.391,241.613,511.002,515.506,487.975,472.727,417.176,402.706,490.777
2021-04-30,330.189,242.790,330.888,217.328,160.795,193.333,197.929,418.966,227.756,212.716,220.526,179.410,188.656,220.005,341.751,244.597,518.769,525.656,493.949,478.032,408.916,390.758,497.082
2021-05-31,325.000,244.818,325.274,220.459,159.253,198.483,196.445,406.311,231.110,217.385,223.508,182.762,189.990,222.271,345.423,247.370,522.658,533.230,497.407,483.772,402.786,383.783,499.098
2021-06-30,348.402,253.375,350.305,227.392,163.307,203.058,201.706,445.737,235.214,220.326,227.236,184.085,194.706,226.763,354.258,252.474,533.272,541.091,505.812,484.749,413.054,394.179,511.949
2021-07-30,353.432,249.547,360.643,231.323,161.366,213.591,199.435,461.147,235.047,216.422,228.636,183.651,191.780,223.278,364.479,254.916,528.352,543.424,501.472,490.800,411.812,394.039,501.306
2021-08-31,366.417,256.342,374.249,237.850,168.246,217.559,207.922,480.357,240.278,220.719,233.409,186.572,194.878,226.030,365.339,260.755,541.598,557.046,514.423,505.386,421.612,401.971,513.079
2021-09-30,353.921,249.875,361.361,232.838,173.101,206.552,211.663,461.229,237.356,220.226,230.571,186.546,202.992,233.391,365.262,256.320,538.146,551.639,510.748,496.717,426.509,408.271,512.498
2021-10-29,376.181,257.996,386.227,240.816,169.411,219.786,210.189,499.510,247.265,224.186,241.394,189.799,197.482,229.772,376.138,271.452,554.611,558.520,528.580,502.513,421.287,396.503,537.458
2021-11-30,382.565,255.670,394.248,239.198,171.186,211.020,211.460,515.252,244.483,217.952,238.778,183.395,194.306,223.542,368.004,270.959,545.463,543.144,519.596,486.476,406.015,383.770,532.916
2021-12-31,385.758,260.687,398.319,246.996,171.479,222.990,212.593,516.208,257.084,227.214,251.881,192.337,196.514,228.301,384.630,286.455,566.744,564.940,540.363,507.430,418.853,392.246,553.275
2022-01-31,357.771,243.132,366.465,224.261,155.759,199.519,192.026,477.361,257.655,232.546,252.296,197.149,203.948,233.403,374.371,284.419,554.157,557.060,527.397,497.404,411.397,393.453,538.653
2022-02-28,344.231,235.871,352.938,218.863,151.833,191.322,189.604,457.388,252.947,229.298,247.692,194.089,202.822,236.093,359.262,278.926,555.144,552.274,530.047,492.896,421.462,398.039,545.718
2022-03-31,355.945,237.729,367.845,222.297,152.212,200.735,193.953,481.464,260.248,232.534,255.762,197.236,204.504,244.776,368.341,289.796,567.927,562.383,541.269,496.011,421.830,387.284,561.807
2022-04-29,333.437,232.075,341.714,215.693,142.898,197.298,184.857,439.762,260.624,232.531,256.320,197.500,203.051,242.466,375.276,290.527,563.363,563.648,535.210,494.649,420.374,384.181,552.915
2022-05-31,321.854,226.580,328.902,209.932,143.569,190.837,183.732,421.377,261.649,233.956,257.650,199.283,202.133,240.791,369.290,291.622,560.394,553.113,534.295,486.583,412.902,383.249,556.470
2022-06-30,302.474,213.259,308.472,196.654,135.266,176.560,171.842,395.395,245.138,218.019,240.667,183.868,195.504,228.530,335.535,273.655,515.637,506.464,491.375,445.941,396.374,378.324,512.769
2022-07-29,341.628,230.691,352.762,217.604,147.356,199.137,188.556,457.991,261.302,226.513,258.029,192.447,206.287,241.434,365.407,295.982,567.013,543.363,543.409,479.846,427.434,401.873,575.685
2022-08-31,330.445,224.802,338.807,207.268,144.308,184.054,185.124,441.257,257.700,223.950,253.599,188.561,205.399,241.586,352.923,291.221,560.808,538.536,534.051,468.117,427.416,400.166,568.027
2022-09-30,303.650,206.261,312.562,192.033,132.300,167.780,168.651,406.425,241.569,208.378,238.219,176.194,190.671,224.036,323.452,274.077,516.650,493.107,491.445,426.475,398.045,379.557,525.531
2022-10-31,311.626,208.461,324.004,198.570,132.504,178.778,170.631,421.698,259.742,214.897,259.018,185.908,191.199,226.658,348.510,301.123,553.616,507.966,531.710,443.148,396.623,371.845,580.556
2022-11-30,322.090,224.974,331.693,212.595,143.114,193.213,183.247,424.233,268.847,229.323,266.607,198.065,201.730,241.526,362.195,306.257,567.957,533.365,544.042,467.103,418.414,392.510,585.018
2022-12-30,293.450,213.735,300.450,202.795,136.986,192.624,174.281,376.494,253.257,221.309,250.891,193.501,200.129,237.735,351.784,284.132,532.447,519.893,508.096,459.660,415.266,394.585,530.506
2023-01-31,315.921,227.802,323.854,216.210,144.098,196.276,184.760,407.638,261.162,234.372,258.055,204.829,206.558,248.477,358.084,288.929,567.174,547.578,543.555,486.699,428.848,404.254,570.924
2023-02-28,315.345,223.301,325.469,215.225,139.493,204.331,179.004,411.242,258.915,233.429,256.547,206.824,204.924,243.619,372.349,285.414,568.085,547.167,545.572,490.402,425.344,405.885,571.747
2023-03-31,327.994,227.997,339.715,221.312,144.528,212.839,182.391,431.783,251.857,228.612,248.714,201.362,202.916,240.528,350.965,276.207,532.525,530.121,508.253,471.998,420.218,405.044,522.305
2023-04-28,326.475,226.643,339.672,223.081,141.708,218.231,179.736,430.355,252.182,230.555,249.441,204.546,201.716,237.799,352.985,275.534,523.916,532.078,498.954,475.752,418.501,403.164,504.287
2023-05-31,344.802,228.201,360.173,223.885,148.018,213.114,185.665,465.897,249.936,227.978,246.459,200.411,208.206,242.400,334.514,273.187,525.521,533.155,497.197,468.683,421.159,407.154,506.178
2023-06-30,356.662,231.461,373.521,226.502,148.042,211.785,186.227,487.589,258.279,234.381,255.186,206.847,214.582,250.289,342.245,283.219,544.755,539.850,517.027,473.776,425.455,410.790,535.071
2023-07-31,364.334,236.172,380.402,228.531,149.536,209.006,188.366,498.241,266.128,243.643,262.214,213.988,222.051,259.354,354.441,290.236,571.127,565.222,541.474,493.613,442.913,426.668,562.024
2023-08-31,360.821,227.680,378.519,221.262,143.863,213.527,181.979,500.552,261.950,237.799,259.013,210.934,222.269,257.335,344.475,286.932,559.490,558.761,528.644,486.024,441.252,430.377,546.055
2023-09-29,349.536,221.085,366.054,213.228,139.141,212.799,176.626,484.650,261.467,241.346,258.023,214.399,229.723,264.680,356.433,283.538,550.594,558.146,517.841,483.278,443.860,435.021,530.306
2023-10-31,341.125,212.832,357.786,205.700,134.300,209.587,169.400,475.803,252.797,231.219,249.618,205.308,218.890,252.650,338.214,275.434,523.079,532.465,491.039,460.162,425.093,419.772,501.635
2023-11-30,366.824,227.518,385.464,220.606,142.179,225.782,180.195,513.393,262.812,241.188,259.671,214.653,224.574,260.495,356.826,285.946,550.316,559.802,516.176,484.779,435.472,425.550,526.639
2023-12-29,377.696,235.472,397.668,230.370,148.231,238.041,189.720,527.268,273.572,250.810,270.303,222.377,229.789,270.553,378.370,298.169,593.367,588.831,559.920,512.400,454.940,439.326,579.600
2024-01-31,389.067,237.631,412.972,237.049,153.242,245.654,194.804,549.433,277.807,251.910,275.591,225.992,243.694,283.021,374.234,304.358,588.925,591.952,554.165,514.395,461.767,450.333,569.135
2024-02-29,413.719,247.650,439.358,245.980,159.222,256.673,201.395,589.861,286.040,255.817,283.313,227.261,250.715,288.055,375.604,315.335,599.136,594.516,563.118,512.866,461.642,451.937,584.431
2024-03-29,423.032,255.081,448.385,252.200,160.922,268.091,204.507,600.973,298.988,265.264,297.181,237.644,261.094,299.271,377.064,331.125,625.883,616.753,592.406,539.411,485.408,475.154,614.927
2024-04-30,411.984,250.519,434.715,244.628,154.359,268.161,196.601,582.557,292.931,265.950,289.967,237.579,257.277,294.451,378.447,320.363,609.499,619.356,570.678,534.338,475.234,466.392,583.200
2024-05-31,426.521,253.250,452.560,250.128,154.738,278.172,197.982,610.362,297.047,270.299,294.664,243.221,256.817,295.122,398.668,324.703,621.962,627.929,585.132,546.618,473.585,464.516,598.753
2024-06-28,452.733,258.905,480.512,252.226,156.595,285.217,202.002,659.164,299.519,270.682,295.865,239.505,254.928,294.389,393.274,328.285,618.231,625.454,576.959,532.946,469.081,458.834,594.054
2024-07-31,444.524,259.136,471.338,252.885,161.514,274.362,207.759,642.026,309.555,277.823,307.024,248.334,268.774,306.388,394.547,340.764,656.760,647.044,619.519,560.685,498.356,491.294,644.912
2024-08-30,444.912,261.388,472.123,256.973,161.721,280.564,209.288,640.049,310.809,278.414,308.646,248.985,262.216,301.257,399.590,342.883,645.651,642.526,608.060,556.929,490.928,479.151,628.943
2024-09-30,452.456,265.834,477.437,255.972,163.502,263.007,212.194,650.482,314.734,283.997,311.307,250.448,260.618,303.986,403.447,346.160,653.365,656.854,613.820,567.295,503.274,488.655,631.760
2024-10-31,455.752,259.383,481.902,246.891,161.312,248.798,208.411,666.089,315.503,278.162,313.109,245.369,257.140,296.933,395.902,351.267,651.681,638.664,613.699,547.023,487.295,474.295,643.914
2024-11-29,488.752,264.415,521.616,252.854,166.151,246.326,217.312,732.907,334.441,283.099,334.231,250.268,267.821,309.170,398.157,380.508,700.849,653.655,667.091,562.734,505.353,491.732,719.445
2024-12-31,500.528,263.931,534.181,250.779,167.258,227.488,215.453,757.448,323.243,283.725,321.422,250.711,274.438,310.668,395.483,361.250,676.644,650.767,640.361,561.272,501.030,493.607,677.971
