Date,JAPAN,AUSTRALIA,FRANCE,GERMANY,HONG KONG,ITALY,NORWAY,SINGAPORE,SWITZERLAND,UNITED KINGDOM,USA,CANADA,NETHERLANDS,SWEDEN,SPAIN,MEXICO,PERU,THAILAND,KOREA,EGYPT,COLOMBIA,CHILE,BRAZIL,CHINA,INDONESIA,INDIA,MALAYSIA,SOUTH AFRICA
2000-12-29,100.000,100.000,100.000,100.000,100.000,100.000,100.000,100.000,100.000,100.000,100.000,100.000,100.000,100.000,100.000,100.000,100.000,100.000,100.000,100.000,100.000,100.000,100.000,100.000,100.000,100.000,100.000,100.000
2001-01-31,99.756,105.035,101.157,104.724,103.900,102.720,102.742,101.261,98.819,99.294,104.621,105.887,100.275,108.808,110.524,116.183,112.914,132.129,128.725,104.262,116.985,109.632,114.369,115.596,111.358,109.834,108.979,106.979
2001-02-28,96.342,101.367,90.835,97.293,102.669,93.443,102.190,100.009,93.332,93.767,96.306,90.005,94.816,92.126,105.437,109.462,114.630,128.655,120.827,93.108,121.506,102.408,103.753,106.232,111.305,107.029,107.665,108.624
2001-03-30,97.246,94.258,87.920,90.614,95.553,91.086,97.898,86.497,87.534,93.140,93.771,85.049,89.718,74.459,103.575,110.204,118.986,111.123,108.340,88.620,110.686,103.529,95.693,92.576,94.177,91.706,102.179,97.713
2001-04-30,103.554,105.047,95.549,96.585,95.249,95.722,104.937,87.254,89.425,98.699,100.759,90.846,95.752,85.288,108.339,120.401,108.929,113.735,123.147,92.801,112.996,108.741,100.302,101.680,78.632,89.374,91.510,108.864
2001-05-31,108.053,110.499,93.467,94.596,98.498,91.488,108.826,87.475,92.380,99.801,105.975,96.768,96.238,84.302,105.681,136.381,122.459,120.020,138.560,103.637,147.622,122.947,99.483,109.255,101.129,97.177,93.539,120.460
2001-06-29,101.743,114.152,90.060,94.143,93.347,87.738,105.162,89.050,88.699,96.518,103.658,93.172,94.082,79.782,98.316,138.655,131.479,122.891,130.902,95.190,153.365,114.981,98.142,112.999,106.818,92.202,97.199,116.275
2001-07-31,91.106,104.748,87.559,91.487,90.123,86.706,100.770,85.103,84.992,93.478,99.328,89.730,90.246,77.872,94.748,129.696,123.425,106.675,117.593,82.049,144.114,106.162,88.168,94.520,125.536,86.202,106.142,99.228
2001-08-31,85.561,101.432,81.456,81.843,80.838,82.661,95.658,82.802,81.710,89.187,89.280,81.719,86.463,70.771,92.842,121.686,125.666,123.065,117.016,80.272,141.890,105.983,77.686,71.341,126.540,81.796,107.425,100.136
2001-09-28,77.367,88.456,71.749,68.370,68.181,71.089,81.263,65.712,77.737,83.104,82.216,73.897,74.740,59.200,82.061,102.435,122.396,100.527,97.751,71.875,127.859,87.677,64.560,68.734,101.499,70.212,95.892,84.702
2001-10-31,78.065,97.319,76.183,72.169,71.332,74.171,83.292,67.026,78.617,85.649,84.319,74.802,75.818,64.415,86.735,110.098,117.609,97.539,114.331,70.701,120.826,89.161,68.885,71.270,92.764,75.735,94.213,87.314
2001-11-30,79.383,105.417,78.897,78.973,81.202,75.993,87.834,72.562,80.809,88.039,91.317,82.150,79.659,74.285,93.079,114.605,119.626,112.430,144.138,65.648,138.936,98.187,76.239,78.685,89.853,83.981,100.754,90.185
2001-12-31,74.437,107.209,81.861,81.838,85.815,77.405,92.553,80.749,82.899,90.629,92.375,83.897,82.139,76.783,93.462,124.851,126.447,110.729,156.069,61.898,153.040,101.617,87.526,79.385,95.986,84.565,110.247,87.299
2002-01-31,70.961,111.183,79.289,80.782,87.181,77.216,92.067,93.706,80.980,89.783,94.164,86.125,81.641,71.850,89.354,140.395,142.250,136.210,173.871,57.653,173.538,99.979,84.779,74.403,121.249,88.998,120.094,94.275
2002-02-28,73.556,111.281,79.587,79.339,83.394,76.673,95.116,89.678,82.924,88.926,91.843,84.808,81.475,73.034,90.193,136.168,150.001,146.989,190.647,62.924,151.232,99.956,96.405,74.646,122.100,94.119,117.608,98.854
2002-03-29,77.115,114.082,83.095,84.953,87.701,80.858,102.322,93.410,87.458,92.252,94.436,87.086,87.817,75.204,91.297,149.457,154.427,145.339,205.948,65.870,156.731,102.901,95.669,78.190,135.788,92.712,126.111,99.979
2002-04-30,79.005,109.070,79.215,79.800,89.725,78.780,99.626,87.818,86.968,89.599,85.476,83.647,84.591,65.598,90.821,142.348,148.737,140.732,199.379,62.462,157.476,98.822,91.828,79.007,155.950,85.834,128.894,105.530
2002-05-31,80.952,111.762,76.635,76.152,82.992,74.383,98.423,83.107,87.062,85.007,81.792,82.416,82.046,62.422,87.994,126.257,151.148,153.170,192.899,60.265,156.953,90.129,81.984,77.371,161.108,77.569,115.988,112.027
2002-06-28,72.588,100.505,70.415,69.902,73.760,70.703,90.449,73.707,79.089,77.019,71.448,73.529,75.229,57.520,75.616,107.284,128.600,136.997,175.638,55.409,152.018,76.983,63.279,70.733,142.962,75.578,108.194,95.243
2002-07-31,68.042,93.657,61.411,58.785,71.240,64.014,81.916,72.742,70.092,72.361,66.776,65.732,62.307,49.468,68.121,100.419,117.994,130.374,172.241,55.695,137.349,75.981,45.286,68.138,133.122,70.650,108.750,80.880
2002-08-30,67.299,95.851,60.418,59.022,67.739,64.889,80.384,72.561,69.976,71.585,67.041,66.519,63.415,49.190,71.131,102.916,129.422,125.638,172.924,55.214,137.131,74.615,55.589,66.793,128.731,74.982,107.582,83.638
2002-09-30,63.800,89.797,50.762,44.308,62.425,55.518,69.491,63.813,64.892,63.685,58.995,60.684,51.726,40.557,59.162,91.148,121.051,113.375,147.262,55.883,143.410,64.155,38.472,61.005,119.455,70.781,95.872,83.130
2002-10-31,59.236,94.422,57.239,50.398,64.538,59.997,72.824,69.802,66.955,68.533,64.192,62.383,58.353,46.996,67.772,96.947,127.355,123.165,154.259,53.749,165.427,67.624,49.339,61.227,98.330,70.507,99.814,86.640
2002-11-29,61.356,96.474,59.391,53.016,68.269,65.303,78.624,65.821,68.323,70.280,67.716,65.728,61.514,53.527,74.295,101.075,137.460,127.156,173.169,53.723,167.967,70.778,49.692,63.475,109.533,77.492,95.404,94.575
2002-12-31,56.666,89.750,54.747,46.398,59.862,60.864,72.829,60.946,63.090,65.182,60.282,61.800,55.174,45.286,67.179,91.831,140.016,119.562,143.406,53.357,162.119,68.760,51.501,57.896,115.544,77.419,92.928,94.808
2003-01-31,53.148,89.313,51.731,44.249,58.850,58.596,67.153,56.971,59.566,59.225,57.483,62.096,50.555,43.661,66.410,85.034,145.344,125.287,134.100,55.622,153.614,65.710,48.670,59.303,98.881,72.558,94.363,89.404
2003-02-28,53.246,87.697,49.000,41.018,57.905,60.176,60.272,56.185,56.187,58.038,56.349,64.000,46.634,43.219,67.053,82.723,142.674,121.332,126.978,50.526,150.701,65.657,46.638,57.594,102.254,73.297,91.424,89.912
2003-03-31,50.212,89.674,46.603,38.987,54.235,54.749,59.883,54.682,55.175,57.270,56.152,62.377,44.723,41.662,65.718,83.084,138.154,123.368,113.485,50.018,151.680,66.427,52.410,54.697,102.115,67.000,88.351,84.448
2003-04-30,48.712,94.628,52.691,47.047,52.958,60.825,67.770,53.944,60.074,61.822,59.470,64.861,49.290,49.093,73.314,93.252,143.449,124.874,126.720,55.963,161.218,78.015,62.031,53.552,119.774,62.647,86.123,87.418
2003-05-30,48.462,92.793,53.515,47.540,54.533,64.218,70.969,55.830,60.505,62.261,59.425,66.799,49.680,48.595,72.882,90.935,144.381,133.136,127.595,59.231,177.570,76.581,60.275,57.304,133.165,64.288,87.314,85.552
2003-06-30,53.295,98.715,55.621,51.166,56.605,64.502,72.671,60.495,61.901,64.315,61.591,70.212,51.271,50.103,77.042,96.877,147.232,150.763,141.008,63.162,187.243,80.270,61.834,62.454,142.909,75.246,92.714,91.164
2003-07-31,56.582,100.393,57.750,55.294,61.427,65.640,78.822,66.279,65.643,66.027,63.980,71.860,54.575,54.388,80.008,103.077,159.476,157.831,159.541,59.846,195.269,88.245,66.565,70.035,138.066,82.024,99.081,99.252
2003-08-29,64.119,105.375,59.637,55.742,70.714,65.113,82.229,70.558,66.682,67.228,66.790,77.501,57.101,56.709,80.779,103.894,173.400,179.596,172.999,68.011,198.878,94.652,75.145,76.576,144.103,94.947,104.432,108.370
2003-09-30,64.034,103.176,56.465,52.167,70.398,63.739,76.807,68.654,65.595,65.621,62.215,74.315,53.119,55.258,75.862,99.932,173.554,184.559,152.615,75.776,189.915,98.278,72.129,72.752,160.649,94.672,96.881,103.501
2003-10-31,67.082,112.098,60.431,58.481,73.548,66.974,86.700,72.841,67.169,70.202,65.852,79.455,56.446,60.091,81.190,102.656,197.515,196.070,170.325,85.308,203.563,109.340,80.067,83.956,165.449,104.777,109.720,114.417
2003-11-28,63.048,108.264,61.632,59.731,70.940,70.156,87.910,70.098,68.615,70.104,64.450,79.337,56.663,60.300,82.670,103.264,222.892,194.536,164.893,84.103,212.056,102.461,82.160,82.239,158.747,104.099,102.305,119.199
2003-12-31,64.071,111.601,63.866,63.230,68.779,69.793,89.741,69.769,70.377,71.614,64.400,79.486,58.795,61.989,88.562,101.471,226.063,242.220,161.086,85.162,224.389,104.857,91.868,90.348,169.697,114.873,97.887,115.052
2004-01-30,66.230,113.151,65.333,64.901,76.640,72.310,91.824,74.406,73.323,72.491,66.550,81.549,59.445,65.318,90.852,111.792,202.529,225.084,180.235,102.373,273.610,104.407,89.465,91.143,189.836,113.814,103.567,115.973
2004-02-27,66.025,118.349,66.985,64.352,79.106,73.090,101.242,75.248,73.705,75.793,67.313,83.301,60.371,68.716,94.430,117.977,205.889,228.638,186.656,98.497,292.767,112.903,92.800,96.799,190.070,112.377,111.825,122.790
2004-03-31,75.719,121.339,65.319,61.989,75.201,71.369,101.295,75.726,72.670,74.835,66.951,83.808,57.991,68.166,91.471,124.879,246.117,217.317,195.810,106.681,326.216,105.115,93.770,89.624,184.125,116.291,115.170,128.881
2004-04-30,73.415,117.017,66.179,63.837,73.352,74.187,100.591,76.361,75.454,76.177,67.558,78.751,59.171,69.671,92.742,118.857,207.378,220.907,187.994,118.757,370.288,104.086,81.965,79.874,203.075,117.258,109.964,114.621
2004-05-31,69.538,115.552,66.812,62.891,72.284,73.420,104.219,73.525,74.665,76.411,67.169,79.357,59.223,69.502,91.443,118.091,213.965,214.595,172.311,106.842,317.982,101.106,79.116,83.795,178.114,96.977,103.379,120.759
2004-06-30,73.554,115.800,68.275,64.958,72.537,76.205,108.505,74.808,74.966,76.707,68.661,83.025,60.545,71.916,92.946,120.631,213.066,216.814,168.728,108.767,317.015,104.948,83.332,83.590,177.550,97.705,104.973,122.662
2004-07-30,69.924,117.322,66.856,62.421,74.291,75.129,107.468,77.663,73.179,76.745,66.997,83.967,58.344,69.468,91.730,120.016,214.837,213.873,156.558,121.066,330.624,109.050,91.273,84.783,193.744,105.787,107.632,125.252
2004-08-31,69.773,118.340,66.120,60.678,78.829,73.699,109.058,78.711,71.628,76.464,66.676,83.198,57.608,69.955,91.002,120.399,222.209,210.110,169.788,133.578,346.575,116.579,96.111,84.337,189.687,104.767,105.815,128.656
2004-09-30,66.671,123.337,66.896,62.509,78.463,76.220,119.037,80.927,71.848,77.227,65.930,87.567,57.583,73.798,92.558,124.697,231.623,213.209,172.139,158.674,396.766,118.152,103.077,88.642,208.708,111.225,106.941,136.373
2004-10-29,66.796,127.652,68.036,63.511,76.350,78.741,119.056,79.588,71.467,77.240,65.332,90.876,58.651,73.065,98.098,128.424,232.964,206.581,171.418,169.739,405.904,118.369,102.285,84.440,216.207,112.645,105.821,138.903
2004-11-30,67.017,132.436,68.981,66.149,79.729,81.377,129.589,78.460,73.431,78.708,65.066,90.519,59.857,78.723,101.564,132.015,224.017,217.840,181.611,163.670,479.680,120.841,108.065,88.951,243.170,121.002,107.712,151.530
2004-12-31,68.888,134.983,70.220,68.162,79.766,85.806,127.636,79.161,75.077,79.462,65.819,90.139,61.237,78.392,105.961,139.661,216.106,221.992,182.453,178.786,483.994,124.561,115.817,85.425,237.226,126.966,104.615,154.714
2005-01-31,70.164,141.778,72.005,68.297,79.724,87.403,129.007,84.005,75.863,82.264,66.913,90.249,63.575,77.826,107.723,145.838,225.794,241.460,203.775,266.046,494.680,123.449,117.842,87.135,261.502,130.062,110.870,152.405
2005-02-28,70.326,146.710,74.211,69.795,80.914,88.553,141.492,83.128,78.716,84.710,67.042,94.310,66.773,81.309,109.593,154.396,241.306,256.194,220.618,288.687,548.828,129.964,135.973,91.912,258.835,131.253,108.006,162.192
2005-03-31,70.338,143.733,74.792,69.669,79.907,90.195,139.759,84.401,78.322,84.231,67.347,97.654,65.603,80.236,108.147,142.626,235.023,235.807,212.699,292.145,491.929,134.412,126.947,89.033,261.479,129.635,105.668,150.005
2005-04-29,68.990,142.365,71.999,66.908,83.847,86.887,134.665,85.248,78.545,83.907,66.552,92.970,62.743,78.623,105.414,140.535,235.761,230.030,203.710,322.904,525.370,133.784,122.439,90.002,251.038,123.565,107.118,148.884
2005-05-31,71.473,148.629,76.821,71.303,87.793,89.704,145.755,89.841,82.135,86.895,71.818,99.320,65.950,84.609,110.664,159.946,242.269,237.534,223.425,354.288,527.502,142.333,137.886,95.013,280.616,140.615,109.531,149.586
2005-06-30,72.824,160.045,79.183,73.395,92.712,92.144,161.317,93.412,83.204,90.035,73.397,107.435,70.387,85.433,114.844,172.637,253.767,241.558,228.534,411.899,624.209,153.670,146.083,100.948,293.512,155.820,115.424,160.886
2005-07-29,73.307,163.280,83.451,78.257,97.708,95.722,171.188,100.293,87.407,90.917,75.878,112.947,71.598,89.933,119.711,188.080,270.573,244.641,255.903,412.765,718.741,166.089,151.236,107.915,313.712,164.058,123.661,174.246
2005-08-31,77.438,162.526,82.648,77.534,95.492,95.060,180.886,95.038,87.045,92.472,74.198,118.129,70.397,89.396,118.222,183.321,276.672,254.163,244.666,402.539,762.960,164.331,165.918,107.168,261.146,162.603,118.178,180.842
2005-09-30,87.154,177.775,86.432,80.874,100.482,98.816,187.189,97.892,91.780,95.995,76.309,127.718,72.715,95.144,128.018,211.585,331.783,269.723,279.896,465.957,794.280,180.828,201.546,115.745,273.845,182.100,123.408,205.108
2005-10-31,86.677,167.809,83.267,78.893,94.554,92.719,174.050,94.665,93.753,93.685,75.528,119.281,71.647,90.397,124.219,208.184,301.260,252.784,264.990,467.735,833.497,169.125,190.704,105.097,268.024,164.614,121.607,187.127
2005-11-30,91.818,176.561,86.000,82.970,98.747,96.395,176.657,100.319,98.564,95.597,79.773,127.701,76.552,93.281,125.474,229.141,334.952,254.624,301.038,475.355,1009.651,177.306,211.020,114.290,289.048,183.738,122.079,205.758
2005-12-30,99.642,180.464,88.915,86.338,99.640,100.752,182.761,104.332,100.645,98.301,79.745,133.272,80.342,99.644,127.484,239.981,335.520,278.125,330.032,538.927,1155.345,173.530,208.794,117.897,314.684,201.278,123.319,228.806
2006-01-31,101.670,187.780,93.374,90.951,102.059,102.969,196.236,107.047,103.675,101.179,79.554,140.816,81.900,102.234,131.949,252.494,381.776,305.563,348.566,662.422,1259.548,174.832,253.437,130.639,343.412,210.320,123.394,257.902
2006-02-28,102.672,188.280,94.057,93.104,104.132,105.817,201.200,112.025,104.192,102.373,81.054,140.792,85.090,103.700,139.440,253.546,379.322,300.847,344.635,608.430,1333.871,185.745,263.229,137.246,353.116,219.574,130.094,247.932
2006-03-31,103.705,186.199,98.133,95.770,104.010,106.774,219.866,112.954,105.062,103.751,80.846,140.809,87.421,110.950,140.116,250.482,363.771,292.241,338.023,569.527,1323.274,181.755,247.044,139.536,385.073,237.877,130.321,263.122
2006-04-28,102.528,195.288,97.488,96.523,105.533,107.022,230.190,115.538,107.119,105.588,78.665,141.859,87.071,111.384,140.725,253.566,408.975,305.396,346.776,538.013,1242.517,177.734,260.148,141.077,421.852,236.555,130.545,262.466
2006-05-31,94.295,180.788,93.814,90.827,97.667,104.557,213.995,104.127,101.787,101.547,74.814,135.400,81.790,102.076,134.572,221.372,360.233,272.381,314.120,437.405,982.842,162.306,213.802,131.218,355.112,199.116,124.989,218.227
2006-06-30,93.672,182.754,95.200,90.330,98.372,105.304,206.819,107.166,102.080,103.027,75.210,133.821,82.060,102.873,136.988,228.041,396.945,262.496,310.327,395.783,859.295,160.619,228.031,134.543,356.898,204.141,121.944,211.833
2006-07-31,93.336,185.339,95.989,90.192,100.278,105.992,213.368,107.605,105.482,105.594,75.585,134.457,84.263,101.399,141.491,244.184,426.356,272.137,310.346,461.314,983.091,161.482,230.920,138.383,379.524,204.736,125.492,212.390
2006-08-31,94.448,190.051,98.848,93.191,103.510,110.038,208.564,110.991,107.975,107.821,77.120,139.415,88.030,104.941,145.758,251.972,427.855,276.288,317.068,503.385,1049.091,166.661,228.968,140.971,400.664,223.342,128.381,211.292
2006-09-29,93.875,189.250,100.772,95.588,105.591,111.031,195.820,115.595,110.710,108.407,79.885,136.619,91.738,110.984,155.151,267.061,445.159,282.332,330.270,530.392,1039.561,175.295,227.083,147.752,425.886,243.439,130.351,199.942
2006-10-31,94.791,203.263,102.711,99.621,106.759,114.585,210.999,124.256,112.815,112.963,81.969,142.075,91.438,117.166,165.364,283.209,463.657,302.143,326.404,537.585,1119.677,186.463,244.586,156.759,437.604,257.654,134.617,220.454
2006-11-30,91.919,203.462,102.769,100.332,108.722,116.414,221.915,128.183,112.099,111.418,80.434,140.696,90.441,117.373,166.688,284.920,474.330,304.907,331.850,522.411,1044.873,190.521,249.528,167.438,462.304,262.277,144.011,228.601
2006-12-29,94.696,211.243,106.957,105.026,116.181,119.406,237.248,136.917,114.696,114.845,81.801,140.440,94.419,127.804,170.320,303.629,486.546,276.436,332.540,564.435,1173.584,199.753,271.367,192.856,489.163,271.877,151.279,246.691
2007-01-31,96.909,214.846,108.206,108.074,119.786,121.096,250.774,144.387,118.568,116.360,84.488,142.094,96.069,131.316,176.202,315.791,538.398,280.757,321.908,553.559,1136.206,211.367,278.065,187.411,472.766,282.932,169.438,251.079
2007-02-28,99.166,218.532,106.497,107.281,114.806,117.839,241.066,142.872,114.357,114.304,81.537,140.766,94.627,125.223,172.373,298.583,584.827,294.344,330.640,584.244,1059.817,205.069,265.901,181.122,448.851,254.297,167.525,247.989
2007-03-30,97.105,228.557,108.938,111.125,115.705,119.337,251.791,149.632,116.409,117.192,81.758,143.509,100.652,131.667,176.211,318.648,602.278,283.237,337.818,579.010,1097.479,211.558,285.204,186.661,474.511,260.285,177.271,261.741
2007-04-30,92.871,236.265,114.908,118.642,115.465,125.286,260.161,152.234,121.588,119.372,83.140,148.443,107.206,142.931,174.032,316.436,678.448,292.448,349.420,587.157,1115.591,230.130,295.717,188.915,500.878,284.634,184.455,276.275
2007-05-31,95.727,243.136,119.019,125.349,119.370,125.412,270.112,161.997,121.886,123.126,87.216,163.399,108.155,143.095,186.493,358.701,733.709,315.281,383.624,632.235,1221.828,238.369,335.129,206.033,530.816,308.725,193.832,270.975
2007-06-29,95.093,248.501,117.954,127.241,120.624,122.600,284.642,162.998,118.391,124.271,85.415,162.522,107.491,140.549,181.272,354.929,792.855,329.253,393.684,628.758,1272.631,250.689,348.159,228.964,541.096,310.020,190.137,264.964
2007-07-31,93.669,241.829,112.264,120.962,127.320,117.493,278.761,162.431,114.880,119.540,81.640,159.939,105.984,139.114,182.139,335.803,888.599,371.366,431.135,654.558,1349.075,241.313,358.020,249.282,583.211,324.937,190.576,260.863
2007-08-31,91.291,238.248,110.638,121.660,128.457,117.458,267.039,157.446,114.728,119.021,83.168,160.607,103.766,133.311,179.192,333.235,825.735,350.578,413.660,613.824,1204.226,240.760,346.706,268.341,551.202,316.027,175.582,260.726
2007-09-28,89.529,262.268,111.521,125.290,141.977,116.809,290.829,168.645,114.177,118.212,82.712,169.007,107.475,136.662,180.834,322.379,919.305,354.490,426.085,666.866,1202.502,231.977,399.064,308.516,592.471,353.889,182.436,266.817
2007-10-31,87.671,277.227,113.821,128.892,154.883,119.039,297.393,173.309,114.392,123.194,82.651,181.681,107.665,131.075,198.343,332.137,1019.362,385.665,448.554,718.094,1239.661,251.103,453.662,353.596,678.151,407.009,194.033,299.036
2007-11-30,84.827,252.583,110.358,125.461,147.102,115.452,275.905,157.725,112.896,114.894,77.970,159.153,102.129,118.749,196.098,309.039,864.394,354.959,399.973,728.828,1253.278,224.340,425.381,301.411,669.720,393.146,186.473,272.509
2007-12-31,81.792,244.513,109.236,128.073,147.961,114.217,281.229,158.501,108.919,112.242,77.793,164.115,102.693,115.982,190.413,307.132,852.946,364.132,395.464,806.506,1217.154,221.688,439.468,289.151,680.194,424.487,199.306,262.860
2008-01-31,77.076,219.180,94.855,108.971,129.089,101.827,219.206,136.873,101.516,100.938,72.130,151.704,89.405,101.116,165.471,299.321,804.454,335.554,336.650,774.732,1116.260,215.028,397.996,223.966,658.463,359.058,195.134,225.416
2008-02-29,75.690,220.115,94.043,107.679,123.095,99.106,244.231,138.854,101.271,98.848,68.115,157.075,89.245,105.500,164.469,293.743,911.497,371.073,345.818,830.765,1097.450,217.406,434.935,241.981,696.907,341.808,189.691,232.677
2008-03-31,69.575,199.120,92.374,104.289,110.731,93.037,232.357,135.377,98.388,92.667,64.986,142.169,88.518,103.338,165.790,297.760,828.665,346.911,317.026,802.941,1073.490,224.415,385.044,203.602,587.095,285.959,166.744,206.248
2008-04-30,75.955,219.775,98.182,110.791,121.890,100.468,267.034,146.687,100.215,100.417,69.391,154.900,93.836,109.249,173.993,297.700,886.359,359.410,345.846,862.262,1295.913,225.537,451.962,239.564,562.424,323.278,174.246,236.521
2008-05-30,78.010,225.228,100.439,112.740,121.444,100.601,287.378,147.980,100.104,99.999,70.583,166.938,94.433,111.794,172.657,317.511,884.867,349.405,340.317,806.998,1351.515,223.216,504.783,228.107,585.836,291.071,169.263,242.521
2008-06-30,71.700,208.320,89.246,102.358,106.991,88.566,265.216,134.968,93.416,92.453,63.912,158.687,81.179,93.284,152.545,285.917,853.047,307.370,294.566,724.712,1121.375,198.744,458.394,197.681,562.339,230.927,152.436,216.820
2008-07-31,69.935,195.609,88.337,102.278,106.450,85.387,240.568,135.426,93.830,89.532,63.774,149.045,78.704,93.395,152.514,276.507,721.042,268.943,292.601,703.718,1214.571,212.787,414.783,204.220,566.704,248.854,151.918,225.356
2008-08-29,71.167,198.350,90.351,101.770,106.787,86.575,241.784,132.119,96.539,91.824,68.468,154.826,84.467,94.624,150.280,280.648,707.714,289.470,267.290,676.670,1249.876,212.872,396.076,198.717,560.036,260.647,146.917,227.560
2008-09-30,66.230,171.607,81.156,91.206,92.493,77.298,176.481,117.799,90.916,81.953,65.144,139.188,71.840,80.789,141.756,260.652,628.370,266.855,250.339,589.742,1152.005,199.863,319.358,165.815,464.664,222.942,140.433,203.003
2008-10-31,62.520,141.570,69.744,77.826,80.659,65.412,130.276,92.650,88.356,73.569,59.790,112.558,59.589,65.637,117.278,200.161,445.177,198.002,204.868,441.318,916.709,164.663,240.266,141.904,311.091,176.636,128.385,165.995
2008-11-28,61.700,130.765,65.786,70.812,80.119,61.644,110.502,90.067,80.271,68.786,55.287,106.060,56.085,63.206,115.228,192.914,501.185,189.630,170.028,377.109,964.050,159.953,217.944,148.261,274.439,157.685,126.751,165.579
2008-12-31,60.899,126.857,65.177,72.918,75.929,60.095,105.779,87.773,79.633,60.986,51.081,94.051,55.930,61.167,118.972,184.330,536.441,197.317,185.969,404.173,958.856,149.719,202.399,149.551,311.360,157.902,123.239,171.706
2009-01-30,61.568,119.459,60.609,65.796,82.734,56.111,117.576,89.896,75.879,62.037,50.872,98.385,55.627,58.878,109.563,174.519,509.620,205.449,193.341,362.168,976.323,179.860,229.637,148.748,310.750,167.832,130.764,162.827
2009-02-27,54.431,116.021,55.343,58.058,79.492,48.833,109.361,80.610,68.239,57.472,46.018,90.726,49.129,57.337,98.773,152.708,492.366,198.218,160.349,341.950,916.760,180.412,224.980,145.326,284.847,151.790,130.317,153.536
2009-03-31,53.161,130.717,57.332,61.425,79.119,49.971,114.338,83.592,70.543,57.023,47.764,94.895,48.927,60.030,101.503,166.056,598.347,196.166,193.815,374.734,902.301,177.997,238.294,158.658,329.670,162.845,125.091,172.653
2009-04-30,58.392,145.711,64.980,71.825,92.643,59.586,129.066,98.412,75.810,64.338,52.428,108.275,55.174,74.874,118.404,190.590,608.164,233.463,235.782,462.160,1072.657,191.776,287.022,176.588,431.208,195.058,145.502,193.045
2009-05-29,60.296,149.948,68.206,73.706,102.422,63.010,145.868,115.030,77.692,68.576,51.742,122.853,58.145,76.006,125.004,209.172,675.354,255.382,229.735,479.273,1209.529,213.563,327.937,193.871,448.489,249.581,145.735,210.159
2009-06-30,61.916,158.807,65.915,71.825,101.690,61.006,134.916,115.517,77.657,68.321,52.305,117.211,57.925,76.578,131.238,213.090,629.667,284.983,229.518,486.834,1303.443,226.113,317.877,203.623,482.143,246.383,151.621,214.637
2009-07-31,63.877,173.202,72.074,79.429,114.463,65.390,147.784,132.095,85.369,73.857,55.625,129.838,65.549,89.345,148.073,233.211,724.314,293.032,269.308,529.558,1440.462,230.089,342.086,223.277,592.330,265.504,165.471,223.222
2009-08-31,65.590,185.098,76.832,81.744,105.071,70.633,149.913,127.379,89.831,76.996,56.827,126.393,68.606,93.034,155.278,241.984,750.212,296.643,269.191,573.695,1489.683,217.235,343.696,205.077,580.912,259.456,163.457,233.040
2009-09-30,63.285,202.863,80.047,84.938,111.643,74.321,163.805,132.300,91.399,77.699,57.928,133.043,72.928,92.140,160.267,241.563,870.041,327.854,296.149,572.863,1699.332,229.158,388.716,210.669,637.332,282.766,167.058,235.671
2009-10-30,61.123,201.106,76.132,80.798,113.628,69.995,167.972,130.051,90.976,77.966,56.257,124.987,70.825,95.487,157.472,240.477,827.825,303.895,274.972,591.339,1530.238,228.802,395.540,222.153,607.949,268.884,173.220,230.673
2009-11-30,59.453,203.768,77.718,83.484,110.287,69.676,174.575,134.037,90.900,78.840,58.533,131.911,71.013,93.816,161.496,260.021,913.903,300.535,272.351,487.497,1584.526,237.164,420.742,223.685,617.165,286.473,172.413,238.985
2009-12-31,62.692,216.844,83.248,88.417,117.814,73.693,191.718,147.933,96.680,84.672,62.483,142.316,77.083,97.285,165.387,279.729,893.633,337.544,308.722,547.178,1712.544,269.165,447.215,235.147,682.476,310.264,181.562,262.538
2010-01-29,65.941,208.171,79.580,83.334,113.603,69.632,183.315,143.538,96.462,83.195,62.215,136.010,76.748,97.923,150.678,270.752,829.360,329.913,304.453,606.146,1807.623,286.686,411.124,221.766,718.714,303.303,185.770,256.664
2010-02-26,67.913,219.193,79.191,82.987,120.225,66.957,177.220,147.359,100.097,83.501,65.278,146.491,74.594,102.598,142.291,287.475,910.982,350.604,308.019,626.345,1924.256,289.119,437.722,230.824,705.237,313.087,190.859,260.525
2010-03-31,71.916,239.475,84.834,91.270,127.960,72.449,190.289,154.877,106.625,89.241,69.749,159.950,80.861,110.977,148.547,319.846,953.217,405.127,339.643,649.084,2004.013,286.124,473.628,245.411,796.131,344.954,209.974,291.115
2010-04-30,73.070,242.329,81.945,91.044,127.062,68.642,196.687,166.713,102.960,89.794,72.095,165.084,81.841,118.323,143.888,325.976,980.755,401.300,365.137,719.941,2051.632,301.258,477.534,248.849,859.483,357.628,222.895,299.779
2010-05-31,72.776,218.732,77.116,87.967,128.927,63.265,177.190,164.621,99.501,86.711,71.777,166.574,77.973,110.399,130.001,330.347,1094.285,423.063,342.958,678.775,2184.893,320.368,463.059,254.942,860.712,356.576,224.795,301.050
2010-06-30,71.441,214.309,76.051,87.923,133.117,62.758,172.122,171.113,103.930,84.926,68.046,158.162,77.575,113.766,129.986,321.450,1097.189,439.320,346.726,621.010,2292.924,324.163,443.299,258.560,916.544,372.525,232.464,290.932
2010-07-30,69.561,226.051,80.367,90.514,132.427,68.345,190.659,173.644,102.416,89.539,68.425,159.315,80.937,119.464,149.059,319.890,1114.076,438.316,350.606,615.016,2441.346,341.542,474.029,253.716,914.461,352.794,230.735,307.968
2010-08-31,69.675,224.567,77.367,87.282,137.179,64.840,185.501,176.717,107.600,89.961,66.978,160.123,76.826,115.360,144.378,311.392,1189.836,491.207,350.016,640.820,2730.201,375.496,470.190,252.918,911.841,356.432,251.817,306.618
2010-09-30,67.834,237.694,82.458,92.025,145.590,67.438,199.864,177.840,105.653,91.262,67.991,160.636,80.918,127.292,148.639,321.512,1229.380,521.774,364.484,616.174,2722.759,385.519,484.104,256.774,967.716,385.849,247.896,327.308
2010-10-29,67.988,240.161,85.112,97.447,146.161,70.480,203.747,180.497,106.141,93.176,69.389,162.688,80.838,125.632,152.804,341.734,1407.567,522.022,363.470,601.009,2832.196,384.198,482.288,262.028,977.728,385.148,249.942,327.022
2010-11-30,74.117,247.541,80.921,98.760,158.990,63.453,199.127,189.551,109.240,94.591,74.120,175.482,77.961,130.426,129.810,372.001,1452.287,559.453,388.245,636.217,2626.884,414.529,490.303,273.118,972.298,384.372,259.290,338.204
2010-12-31,77.397,265.588,85.372,102.539,155.273,66.984,227.487,193.240,115.591,98.483,76.695,183.332,83.875,139.161,138.050,381.773,1465.322,562.116,418.457,657.878,2626.560,414.982,509.582,263.121,977.539,401.333,266.031,376.826
2011-01-31,75.831,253.954,89.338,104.636,154.515,72.840,218.494,188.696,112.747,98.270,76.824,180.117,85.656,140.997,153.439,362.957,1261.127,501.516,419.886,509.510,2516.469,369.062,477.712,256.130,861.540,341.425,262.600,323.687
2011-02-28,78.703,263.640,91.770,107.488,148.304,74.328,233.469,177.918,115.880,101.747,78.763,191.785,88.322,139.540,153.603,363.348,1273.228,526.535,390.629,503.029,2438.526,356.540,488.358,249.652,906.570,332.923,255.808,341.911
2011-03-31,69.564,262.236,89.236,104.179,146.186,72.042,229.709,181.529,110.896,96.618,76.716,186.587,87.618,138.542,148.281,363.077,1197.252,553.177,424.553,477.443,2488.860,361.129,494.140,255.915,967.546,360.018,262.189,349.595
2011-04-29,66.782,265.312,92.081,110.761,143.308,74.670,234.233,183.454,116.157,98.960,75.602,180.560,86.608,144.558,153.130,353.425,1086.675,564.410,432.781,425.734,2490.346,377.532,469.446,248.685,971.761,340.771,255.607,351.932
2011-05-31,67.797,260.057,91.532,107.171,148.720,71.434,230.946,185.733,122.384,99.899,77.125,180.644,85.047,144.275,149.221,352.992,1136.513,558.360,431.146,486.464,2630.058,386.412,469.292,257.466,1010.027,336.814,262.904,344.304
2011-06-30,68.209,255.133,91.270,108.365,141.718,68.688,220.731,181.289,116.060,96.203,75.141,173.991,81.905,135.541,147.533,353.435,994.146,530.617,419.252,461.955,2579.762,383.626,463.757,245.734,1019.615,339.873,265.732,335.427
2011-07-29,71.256,251.757,84.610,105.076,145.876,62.887,221.192,191.627,116.798,97.129,74.311,171.772,79.050,130.194,137.878,353.797,1087.408,597.299,430.469,436.547,2528.084,366.230,447.758,245.890,1102.904,335.057,267.583,336.035
2011-08-31,65.337,240.163,75.375,85.388,136.712,53.538,204.978,173.233,108.838,89.852,70.012,165.330,71.322,115.453,125.704,337.813,1155.175,551.878,372.041,407.420,2528.207,349.366,417.855,222.540,1013.812,293.100,246.559,330.995
2011-09-30,68.961,220.045,69.119,80.800,122.664,51.079,187.104,160.232,103.478,87.948,69.695,152.349,69.162,107.441,123.852,306.554,1023.832,490.527,347.627,395.813,2440.024,305.667,365.984,198.568,979.927,294.033,238.404,301.585
2011-10-31,66.172,247.673,75.041,90.241,132.796,55.789,211.538,170.423,107.919,94.799,74.376,161.826,75.201,119.750,129.567,335.847,1135.157,530.540,384.811,417.056,2504.221,347.496,420.180,219.966,1022.236,307.059,257.855,316.248
2011-11-30,65.536,239.425,73.091,89.576,127.457,53.723,208.402,162.287,105.581,95.564,76.787,163.132,73.434,117.687,123.091,341.408,1169.367,532.288,373.390,387.337,2403.545,327.717,404.959,208.768,999.191,267.360,255.192,328.531
2011-12-30,68.522,244.401,73.343,86.804,134.754,53.180,211.553,163.909,111.363,99.170,80.338,165.373,76.175,120.831,125.149,346.741,1190.414,565.128,380.546,361.295,2578.003,341.391,411.560,221.860,1070.846,260.606,275.250,333.489
2012-01-31,71.023,263.746,76.738,95.174,146.273,56.093,217.056,186.109,113.248,101.817,83.392,173.711,77.932,126.773,125.465,369.374,1301.924,606.753,416.854,461.934,2796.076,363.647,470.067,243.830,1103.100,312.648,285.068,356.593
2012-02-29,73.010,265.884,80.433,100.959,155.446,57.647,245.290,190.867,116.530,104.828,85.139,176.023,79.614,137.367,124.963,372.380,1263.338,666.360,427.781,519.353,2940.069,388.035,485.081,254.158,1065.028,320.695,290.978,373.722
2012-03-30,74.320,259.559,80.235,102.314,148.997,56.452,237.268,190.587,119.467,104.045,88.221,171.494,80.721,134.788,117.956,390.681,1304.673,666.979,427.395,496.766,2967.400,391.801,456.341,237.718,1086.270,304.978,291.251,361.632
2012-04-30,72.390,266.225,75.879,99.679,151.129,52.000,232.975,193.485,118.667,106.029,88.198,173.399,77.813,133.106,103.880,391.024,1338.204,694.563,430.592,500.085,3232.746,388.425,430.634,247.681,1086.272,292.334,290.764,366.318
2012-05-31,70.572,248.132,72.062,92.083,146.047,46.645,211.735,185.976,113.683,100.479,88.541,165.662,74.579,122.046,91.888,369.068,1338.290,657.620,408.565,508.657,3200.205,363.463,394.422,237.130,1030.324,276.640,298.313,349.792
2012-06-29,72.293,258.562,76.601,94.020,148.700,52.096,223.588,192.430,117.749,104.846,89.631,166.009,78.666,129.733,108.282,405.452,1323.862,661.087,409.728,496.912,3111.074,374.263,388.616,235.795,1056.105,289.518,294.526,358.127
2012-07-31,72.716,286.277,78.953,99.324,158.599,50.759,238.956,213.843,123.996,109.303,93.578,174.787,83.903,142.216,103.632,427.308,1312.463,698.705,437.465,529.082,3266.302,384.530,406.237,246.432,1151.902,297.071,312.907,380.257
2012-08-31,70.530,280.212,81.656,102.091,156.144,55.019,249.489,208.058,123.895,110.395,93.501,178.023,85.414,139.077,114.605,408.069,1281.412,686.006,423.729,562.309,3108.432,370.456,398.663,233.221,1085.315,293.518,307.641,368.462
2012-09-28,70.712,281.762,80.993,105.668,165.072,55.232,250.622,209.937,125.174,110.714,93.903,180.837,84.696,141.580,118.695,426.997,1343.368,724.652,444.029,601.080,3139.360,373.685,401.548,243.450,1119.187,329.655,306.024,376.234
2012-10-31,68.890,287.137,82.577,106.648,166.298,56.673,246.012,205.283,127.540,110.619,91.508,178.874,86.852,137.238,121.279,423.068,1334.587,707.068,428.080,577.171,3303.844,365.072,394.926,255.513,1142.356,314.870,311.391,363.690
2012-11-30,70.265,289.334,85.725,109.028,171.008,57.629,246.655,208.013,132.075,111.774,91.684,177.354,89.237,141.081,123.050,429.031,1346.874,715.231,437.784,490.278,3243.546,352.119,381.705,259.329,1099.879,327.721,301.719,359.184
2012-12-31,72.989,293.756,87.595,111.883,170.200,58.896,247.154,211.358,131.966,112.543,91.232,177.632,90.451,145.113,126.927,440.616,1408.962,748.572,454.080,523.299,3449.519,362.282,405.434,268.143,1103.418,323.238,309.685,389.731
2013-01-31,73.494,301.025,89.824,114.497,174.971,62.305,255.974,208.245,139.245,113.542,93.265,175.653,94.903,152.345,131.475,451.525,1352.921,769.553,424.323,497.486,3417.087,378.326,405.196,271.180,1095.763,329.680,286.475,357.440
2013-02-28,78.342,324.748,90.112,114.222,180.538,56.545,254.978,216.530,145.757,114.944,98.011,179.762,92.036,160.159,128.501,454.588,1316.196,817.786,462.179,502.873,3357.777,389.240,410.244,270.490,1252.514,317.206,302.171,363.579
2013-03-29,83.656,328.926,90.433,115.076,180.850,54.559,254.906,223.538,150.714,118.417,103.493,183.976,95.100,163.041,123.049,479.904,1409.843,845.906,450.326,479.058,3309.497,388.234,412.916,262.810,1284.587,323.401,315.117,364.220
2013-04-30,88.626,335.331,93.302,116.453,180.715,59.452,257.171,225.191,153.125,118.890,102.760,176.545,95.934,161.632,132.206,457.912,1209.982,849.981,428.048,465.199,3102.965,365.868,409.260,258.881,1276.007,328.160,321.351,353.734
2013-05-31,85.051,299.851,96.672,122.141,180.671,61.289,259.220,217.694,151.805,121.093,106.661,178.642,100.510,162.672,130.615,438.208,1130.016,806.951,437.468,492.073,2933.300,343.160,386.749,261.044,1244.383,323.997,336.826,340.590
2013-06-28,86.281,279.681,91.717,116.759,170.415,54.339,237.267,206.846,148.460,114.459,104.874,168.159,96.609,151.245,120.785,421.079,1010.358,763.960,400.501,427.215,2836.306,326.515,337.275,242.071,1182.385,301.580,330.738,333.110
2013-07-31,84.971,281.522,97.950,121.713,173.752,58.681,251.694,209.991,150.926,119.428,108.021,174.063,103.897,164.401,133.300,420.059,929.598,725.691,406.517,468.686,2935.664,290.403,325.128,246.557,1080.157,287.021,315.095,334.011
2013-08-30,83.726,287.833,96.415,119.385,172.743,59.604,249.028,199.918,149.989,119.748,105.706,173.611,103.373,160.672,130.872,395.219,942.882,648.631,424.870,442.949,2960.476,287.157,320.531,254.311,921.139,257.972,304.456,332.003
2013-09-30,88.371,300.640,101.661,126.373,178.194,62.424,248.681,207.860,156.064,123.146,106.330,175.722,106.487,167.296,145.738,397.451,934.730,695.301,441.894,461.901,2979.972,296.086,351.055,260.752,863.312,274.388,308.059,347.929
2013-10-31,87.990,316.009,105.326,133.015,181.101,69.579,265.017,214.361,159.369,126.910,110.532,180.712,111.083,166.850,158.499,411.749,1002.732,736.792,459.642,504.976,2975.160,297.182,370.686,266.148,940.094,302.055,324.459,364.236
2013-11-29,89.164,301.647,105.419,138.463,182.833,68.199,257.743,210.842,160.102,127.997,113.437,178.799,112.478,168.431,157.779,422.515,910.079,670.870,464.680,503.066,2693.960,278.071,345.508,278.665,824.217,291.367,318.286,349.858
2013-12-31,88.804,292.764,105.876,140.625,180.911,67.863,258.704,205.657,159.858,129.933,115.039,179.519,113.631,172.863,159.473,422.472,945.699,611.726,451.591,541.655,2602.767,270.438,325.678,265.904,807.859,297.418,319.047,349.728
2014-01-31,87.239,282.925,102.833,136.597,174.496,69.706,247.347,196.369,160.144,127.063,113.521,175.841,109.407,169.635,159.698,403.575,969.143,612.212,435.714,586.770,2326.746,241.910,297.523,253.501,860.605,292.363,307.799,321.377
2014-02-28,84.723,297.580,108.902,142.312,178.389,72.913,259.725,198.233,167.106,132.770,115.971,179.288,113.281,177.573,162.874,379.522,966.774,624.412,439.831,604.859,2359.110,256.042,300.924,254.014,926.194,295.247,312.707,342.785
2014-03-31,83.808,310.031,108.930,140.126,174.791,77.748,264.290,203.752,167.393,128.829,116.962,182.280,114.808,177.252,167.056,401.388,986.773,656.798,441.585,591.318,2735.549,263.792,334.726,250.255,978.813,321.625,317.659,366.138
2014-04-30,81.155,313.938,111.348,140.482,178.279,78.517,274.883,210.555,168.965,133.864,116.922,186.453,112.300,176.585,170.975,400.178,1049.202,679.751,446.312,634.595,2797.646,265.936,345.225,243.081,983.899,316.164,319.577,362.852
2014-05-30,85.798,322.506,113.552,144.817,189.802,78.910,292.725,218.000,173.564,137.124,121.560,190.940,115.433,180.694,177.886,419.060,1064.975,668.562,470.607,619.374,2843.035,274.974,344.641,258.522,1003.139,352.023,329.547,375.591
2014-06-30,89.981,320.743,111.515,143.379,190.481,78.170,292.280,216.811,172.030,137.535,123.687,201.613,116.149,176.845,180.227,430.530,1077.613,711.663,472.919,601.721,2970.239,271.380,362.173,265.823,989.212,364.773,330.989,385.258
2014-07-31,92.609,337.602,107.234,137.269,206.853,75.695,287.788,231.157,169.031,138.958,124.740,206.146,112.547,175.211,178.507,446.622,1095.549,740.542,492.692,686.684,3042.869,264.091,377.523,293.999,1094.861,377.791,338.983,397.768
2014-08-29,92.029,346.482,110.139,138.188,208.137,75.160,297.748,232.152,175.470,141.680,131.712,214.092,116.676,177.583,178.895,476.521,1178.058,793.150,496.577,757.706,3155.399,267.013,425.826,299.313,1097.139,393.607,348.583,411.884
2014-09-30,95.277,320.053,110.740,138.045,201.115,77.342,293.279,232.183,178.196,140.034,135.130,208.757,119.980,180.545,180.718,476.225,1149.260,830.103,475.306,836.002,2952.492,271.179,358.685,292.190,1108.760,404.601,347.353,389.974
2014-10-31,94.812,339.737,106.736,136.369,216.564,73.434,266.597,231.421,178.335,137.880,139.486,204.430,118.349,179.177,175.050,477.946,1153.337,832.699,464.114,784.071,2864.689,271.587,363.411,307.301,1121.616,424.067,350.761,419.276
2014-11-28,95.580,319.968,111.001,145.778,219.144,73.869,238.790,235.514,185.192,139.641,143.803,205.468,125.537,184.809,181.167,458.588,1195.309,847.921,454.568,797.781,2498.277,270.911,348.090,313.681,1135.388,433.016,335.758,422.716
2014-12-31,97.058,322.003,108.605,143.551,216.466,69.915,229.671,241.278,181.879,139.992,147.627,207.504,124.920,181.991,173.156,436.187,1190.099,811.363,457.051,797.701,2376.814,267.888,318.786,326.909,1164.559,419.527,324.576,419.020
2015-01-30,106.507,339.155,117.297,156.659,244.958,74.982,249.270,253.302,196.347,148.597,153.787,203.959,134.122,199.381,173.736,439.644,1210.926,899.626,501.895,907.331,2315.648,275.852,319.803,358.482,1234.203,485.595,339.085,469.788
2015-02-27,113.655,367.282,125.721,167.179,245.288,81.754,267.464,254.816,206.585,158.870,163.653,217.377,143.919,214.277,187.285,475.195,1257.875,911.563,507.732,868.309,2251.298,294.306,330.846,372.341,1268.496,497.618,352.790,475.775
2015-03-31,120.517,374.015,128.113,175.129,258.523,84.157,264.658,266.663,214.637,156.212,168.367,219.661,147.653,215.691,193.974,481.860,1260.605,935.799,537.007,910.967,2165.762,301.518,306.580,398.220,1343.096,498.176,359.824,487.284
2015-04-30,119.601,362.646,129.004,167.461,270.411,83.993,282.805,273.548,213.909,160.086,162.798,225.125,147.288,210.613,192.412,465.965,1336.178,897.939,548.897,851.929,2415.527,303.239,343.209,445.328,1160.663,446.255,357.845,491.905
2015-05-29,123.834,360.440,129.307,166.311,274.970,86.699,278.773,264.590,221.476,163.426,168.497,219.667,151.862,212.879,190.194,477.964,1275.648,882.519,529.010,864.114,2166.896,305.966,309.603,438.312,1218.122,469.010,342.506,460.922
2015-06-30,119.761,338.219,123.868,159.378,263.061,83.140,263.563,256.891,208.973,155.074,162.579,209.783,146.322,201.766,183.149,466.053,1224.485,871.428,498.407,824.317,2159.998,280.309,316.082,407.041,1112.365,462.853,319.497,466.328
2015-07-31,121.343,340.358,131.106,165.047,260.866,87.311,257.835,246.774,220.106,159.094,167.149,203.784,153.925,205.920,191.486,458.005,1131.831,811.287,462.199,801.235,1964.730,267.745,279.825,366.294,1070.282,475.059,321.013,442.919
2015-08-31,112.695,297.277,120.190,150.527,224.163,81.511,224.583,215.174,202.275,145.209,154.714,187.966,139.189,190.619,175.163,422.166,978.902,753.435,429.503,696.957,1700.605,254.625,236.832,318.978,965.150,427.284,268.451,404.200
2015-09-30,105.430,285.858,115.667,141.760,220.156,79.373,212.763,206.469,194.059,139.272,151.112,179.786,133.056,182.946,162.487,409.474,959.471,716.762,438.708,716.330,1655.284,241.765,209.491,314.008,841.413,430.865,260.765,378.743
2015-10-30,117.287,305.723,126.681,158.460,241.530,83.830,230.123,228.385,204.791,150.987,165.236,189.272,145.272,193.894,175.918,443.342,1024.445,762.904,493.322,701.879,1806.330,258.324,222.691,346.114,984.540,442.226,278.400,410.238
2015-11-30,121.448,322.420,128.581,165.754,244.719,84.874,238.128,225.973,207.297,154.316,173.302,193.986,149.073,202.768,177.398,450.616,979.081,769.661,497.873,621.356,1580.044,249.746,225.577,349.796,1022.168,440.445,295.256,399.900
2015-12-31,118.460,322.985,120.842,156.887,239.819,79.671,217.484,221.161,203.482,144.150,165.572,175.300,141.012,192.553,162.706,415.873,905.963,690.996,475.221,678.389,1540.987,245.686,208.204,335.658,1044.758,438.701,289.031,347.960
2016-01-29,109.143,296.603,115.795,143.447,218.368,69.140,206.663,202.017,188.940,135.991,157.332,171.557,137.612,178.037,150.561,403.383,924.331,722.233,450.331,564.707,1511.938,248.628,193.706,294.115,1066.223,410.115,297.362,336.253
2016-02-29,105.711,292.612,114.071,139.177,217.181,65.269,209.283,208.016,184.403,134.251,156.226,177.350,134.969,179.558,144.487,405.493,998.544,751.279,437.886,592.640,1580.858,251.848,204.909,285.491,1126.698,378.189,290.345,335.914
2016-03-31,105.562,314.352,115.337,145.813,227.344,67.090,210.896,221.463,183.290,134.202,159.066,185.954,138.923,183.159,148.757,430.060,1097.020,770.195,476.228,608.369,1799.294,264.465,255.008,304.611,1107.858,407.763,312.018,377.504
2016-04-29,109.910,321.703,116.838,146.669,228.324,68.612,225.566,221.524,187.355,138.146,158.989,197.396,138.310,185.197,155.659,426.951,1239.431,771.246,471.710,685.884,1899.843,270.033,280.089,302.470,1089.598,407.628,302.545,391.246
2016-05-31,111.905,323.057,119.998,149.437,232.839,67.722,225.440,217.962,192.607,141.441,166.445,196.083,144.004,185.596,156.067,404.744,1195.519,795.124,462.543,666.287,1730.533,259.330,248.839,308.853,1078.315,427.264,288.321,364.656
2016-06-30,109.374,323.930,113.207,141.232,235.391,61.626,221.407,227.949,191.832,136.646,167.138,197.221,135.295,177.760,140.885,410.224,1329.982,812.145,482.461,629.786,1898.219,276.282,297.930,312.810,1182.920,433.831,301.081,393.457
2016-07-29,115.703,348.087,118.713,150.727,249.843,63.840,218.922,226.966,195.270,139.510,172.289,202.547,140.896,183.169,148.927,406.514,1394.804,865.604,508.596,756.005,1776.039,282.586,325.514,321.611,1243.116,455.461,296.625,425.453
2016-08-31,116.614,340.342,118.587,154.370,253.530,64.561,224.956,223.356,194.812,140.301,173.118,204.011,145.563,186.775,151.491,413.801,1339.231,900.386,526.884,772.497,1953.551,272.011,329.679,346.705,1266.394,462.600,304.738,394.317
2016-09-30,117.422,345.569,119.028,153.590,260.432,62.266,232.610,225.005,194.616,140.457,171.681,204.416,145.933,188.868,152.254,396.444,1329.110,860.774,529.302,756.766,1928.295,268.445,327.844,352.288,1280.675,454.265,293.128,413.333
2016-10-31,121.966,346.743,121.225,155.070,263.947,64.920,236.551,221.337,188.693,136.578,172.605,207.701,146.104,183.590,161.148,426.603,1347.655,862.273,522.819,841.751,1951.485,296.855,383.031,354.164,1312.661,463.402,300.046,419.451
2016-11-30,122.997,359.602,123.016,154.319,268.300,64.647,244.046,233.744,190.201,141.608,184.660,219.733,145.901,190.036,152.401,384.605,1441.421,877.772,526.244,578.288,1848.717,291.883,351.466,361.603,1187.326,443.158,283.084,398.662
2016-12-30,124.902,370.729,130.535,166.024,252.588,73.477,253.797,231.013,199.352,148.312,189.102,224.893,152.225,199.540,165.861,389.094,1451.955,901.026,532.250,618.110,2007.382,292.386,356.463,348.797,1258.738,445.351,286.091,422.560
2017-01-31,126.439,377.263,128.165,167.094,265.564,69.881,264.054,244.275,202.372,146.618,188.326,227.667,151.130,205.877,166.251,388.128,1546.411,912.284,559.503,591.840,2028.786,298.386,385.258,363.528,1229.162,453.570,287.867,424.015
2017-02-28,130.030,398.083,130.816,171.033,275.546,70.847,261.623,254.524,209.008,152.097,198.928,227.895,159.347,209.199,169.959,408.128,1539.503,933.865,586.538,669.636,2005.138,312.732,408.896,382.803,1279.562,488.536,298.019,438.950
2017-03-31,128.710,405.729,138.102,177.422,282.484,76.930,253.862,258.480,212.986,153.626,197.826,227.339,167.127,215.396,187.714,445.210,1510.673,964.838,613.311,620.772,2092.497,334.083,387.968,388.434,1327.572,514.379,305.531,434.880
2017-04-28,127.743,395.712,142.892,179.474,286.005,77.231,249.087,254.634,216.411,154.024,196.335,218.558,171.012,221.129,192.752,441.023,1444.312,947.913,608.417,600.039,2030.554,324.626,380.882,391.689,1346.703,514.963,311.693,450.405
2017-05-31,127.426,368.139,145.204,181.462,286.183,78.786,253.436,255.840,221.123,156.048,192.578,211.153,174.035,220.661,195.354,428.670,1487.329,929.111,636.747,624.218,2077.694,315.377,350.343,399.318,1335.112,507.442,306.270,444.972
2017-06-30,126.966,373.347,141.303,177.060,283.937,78.595,247.837,255.142,217.629,150.867,190.979,214.546,168.950,219.332,189.911,447.498,1518.773,926.616,633.848,600.648,2010.998,306.855,339.536,402.761,1350.454,496.385,301.227,422.193
2017-07-31,125.310,377.232,140.543,174.411,284.858,81.763,268.467,259.786,212.363,149.712,188.431,215.738,174.609,213.881,192.300,451.219,1548.427,921.032,632.708,600.070,2005.471,323.145,364.419,424.246,1308.763,517.193,291.766,436.227
2017-08-31,124.202,373.290,140.844,173.379,287.336,82.568,272.545,255.818,208.787,147.322,187.337,214.208,172.916,215.336,188.387,451.736,1666.494,954.049,611.835,606.495,2039.504,337.845,384.204,438.454,1291.824,509.038,292.617,449.490
2017-09-29,127.354,371.490,147.724,184.045,287.932,86.197,285.007,253.815,214.089,153.070,192.170,223.384,178.080,223.194,191.048,438.008,1671.310,987.925,627.976,592.254,2066.232,346.077,402.743,445.521,1288.978,493.038,295.949,422.807
2017-10-31,135.198,382.347,152.137,189.631,293.310,86.251,291.496,270.493,213.602,156.280,199.416,226.195,182.291,225.924,194.065,410.855,1761.620,1027.301,690.828,593.194,1908.987,368.714,395.277,470.087,1309.053,537.223,299.582,439.387
2017-11-30,136.042,375.497,149.000,187.493,296.214,84.777,279.607,274.545,213.146,152.862,200.618,222.359,176.813,213.450,188.451,399.385,1757.573,1021.702,674.981,569.074,1915.270,317.867,374.187,466.444,1273.741,521.179,297.921,467.589
2017-12-29,136.026,390.552,147.622,186.227,302.114,82.891,285.942,275.084,214.524,159.320,201.294,229.289,176.771,211.354,185.092,396.358,1764.932,1064.677,688.625,570.778,2050.476,365.285,388.607,472.028,1373.432,542.789,314.252,505.219
2018-01-31,137.127,387.583,152.280,190.147,304.761,89.204,292.044,282.132,215.627,158.244,205.106,223.053,181.197,216.208,194.347,412.069,1864.282,1113.369,688.127,544.244,2200.456,377.588,437.649,511.816,1363.685,541.216,326.468,500.533
2018-02-28,137.952,382.130,147.989,180.176,301.286,85.727,292.649,282.458,206.256,151.291,201.684,211.119,175.695,208.939,182.600,390.811,1851.949,1163.330,657.963,553.340,2086.790,371.174,438.016,489.290,1350.536,515.735,328.771,509.919
2018-03-30,133.919,357.859,144.619,175.316,290.940,85.266,285.499,275.985,200.417,149.521,195.043,207.415,174.254,201.457,177.607,390.502,1901.327,1132.527,668.978,617.895,2099.053,361.843,426.342,469.261,1244.673,493.118,332.976,472.721
2018-04-30,137.229,373.181,154.174,181.932,305.977,91.621,297.599,298.479,203.241,159.553,199.271,216.278,179.950,202.397,185.798,406.365,1993.831,1149.517,699.682,642.308,2354.510,374.320,416.681,477.557,1208.549,522.612,335.987,475.238
2018-05-31,140.638,391.798,153.186,181.706,318.540,83.832,303.304,290.601,203.495,163.754,211.136,228.271,180.137,205.357,174.463,363.116,1961.733,1131.170,686.255,586.526,2332.891,355.368,360.664,503.368,1238.392,521.482,319.497,458.779
2018-06-29,137.066,396.556,151.635,177.368,302.842,83.226,307.743,268.905,205.373,162.141,212.445,228.690,180.260,204.320,178.930,396.578,1939.146,1014.056,640.176,598.156,2359.992,337.344,330.584,476.990,1146.732,516.296,310.614,438.808
2018-07-31,137.319,404.501,156.805,184.602,307.099,85.680,309.720,272.913,218.302,163.210,219.528,233.700,187.244,214.958,185.323,429.980,1977.753,1090.759,628.990,576.888,2312.319,351.728,368.858,464.099,1175.667,548.751,324.596,460.068
2018-08-31,138.398,399.548,154.568,180.024,301.803,77.988,308.593,269.854,220.917,157.246,227.927,231.547,184.484,213.021,175.348,418.739,1864.297,1121.170,644.352,597.277,2242.019,322.375,328.875,448.994,1191.845,557.161,328.834,416.495
2018-09-28,142.848,394.891,156.730,177.272,301.540,79.937,329.915,276.176,221.431,160.276,229.273,231.725,178.439,219.730,175.595,426.158,1907.705,1158.343,647.918,560.329,2314.036,332.343,352.485,443.475,1175.175,507.310,324.129,408.456
2018-10-31,134.053,374.132,145.595,166.379,274.785,74.262,311.565,258.785,218.039,153.204,218.641,218.979,168.702,202.738,167.769,360.978,1941.431,1100.951,568.949,540.418,2033.428,312.300,425.751,402.470,1167.279,483.763,311.076,372.943
2018-11-30,134.679,376.737,143.118,163.106,295.193,74.880,295.376,266.645,218.714,150.755,222.898,219.746,173.530,199.999,171.006,343.772,1873.174,1098.395,588.466,526.101,1998.309,322.942,417.669,432.275,1311.288,534.305,308.168,405.897
2018-12-31,124.483,361.049,135.280,152.244,292.507,71.615,274.444,261.760,204.876,143.666,200.788,199.428,161.351,191.645,162.953,351.681,1882.862,1056.545,571.904,515.634,1905.585,308.300,406.204,402.240,1309.804,528.512,310.182,399.320
2019-01-31,131.581,385.618,142.654,161.724,314.030,77.444,291.012,275.838,216.709,153.271,216.401,224.570,172.409,201.895,172.980,384.616,2019.496,1154.754,628.467,568.009,2154.696,344.578,476.552,445.049,1416.943,516.387,313.262,446.549
2019-02-28,132.549,401.612,149.704,165.792,334.955,80.713,300.124,277.337,227.548,159.686,225.207,232.568,181.896,206.863,177.913,371.341,2075.566,1158.363,621.349,599.962,2293.594,337.419,458.628,463.950,1362.573,520.519,321.490,425.955
2019-03-29,135.180,409.455,152.471,165.702,344.199,83.523,298.987,283.059,235.927,163.651,232.509,234.243,186.534,209.461,177.505,377.765,2127.996,1155.536,610.715,607.987,2421.241,326.813,447.210,481.960,1390.413,576.584,316.831,424.536
2019-04-30,137.318,415.177,159.809,177.379,348.784,85.426,305.610,301.491,239.988,167.662,242.216,241.812,197.634,221.784,185.350,398.225,2124.238,1180.580,614.368,670.150,2364.832,320.842,444.701,493.641,1404.221,580.928,314.244,459.002
2019-05-31,132.631,420.566,150.876,166.634,327.370,78.874,293.762,276.591,240.798,158.492,228.039,233.449,186.654,202.001,175.125,372.048,1999.788,1161.697,560.391,642.663,2159.489,293.904,454.891,431.483,1371.236,585.503,313.860,428.897
2019-06-28,134.641,433.186,160.092,175.013,342.825,84.750,301.842,298.493,252.185,162.830,238.716,242.241,194.596,216.645,179.623,376.626,2058.338,1245.557,596.467,646.429,2329.635,304.197,472.581,456.127,1414.115,571.361,315.999,446.172
2019-07-31,137.904,445.842,159.810,172.771,338.969,85.470,298.783,302.394,256.200,163.542,247.847,246.321,200.757,211.372,175.956,370.477,1982.371,1241.370,572.366,648.200,2338.485,295.637,495.705,464.004,1466.704,553.924,316.374,443.675
2019-08-30,138.013,431.241,158.821,169.522,314.328,85.206,291.007,287.317,259.741,157.613,246.059,246.131,200.794,204.664,171.715,373.004,1903.584,1223.097,549.600,720.263,2273.302,279.688,454.909,449.487,1427.525,543.661,307.901,408.652
2019-09-30,145.047,446.205,164.356,175.441,315.362,88.477,304.467,293.772,264.100,165.847,252.865,254.187,208.118,215.387,180.520,386.666,1950.901,1223.446,594.944,725.491,2284.482,294.510,471.042,453.928,1400.490,566.067,309.258,407.340
2019-10-31,148.616,443.642,166.408,181.581,322.691,90.418,295.641,302.643,262.816,166.612,252.388,247.862,205.748,225.145,180.305,391.192,1972.656,1177.183,608.010,735.937,2395.287,267.672,489.503,461.479,1407.051,577.078,305.627,410.599
2019-11-29,151.219,453.418,171.259,187.051,321.773,92.029,293.891,302.319,269.200,171.466,264.809,256.953,213.022,229.307,181.650,387.613,2001.859,1188.470,606.002,721.720,2297.841,239.632,473.489,475.267,1383.418,580.629,303.013,415.394
2019-12-31,151.636,451.970,173.203,187.252,328.699,92.865,308.463,306.548,276.082,177.103,267.617,258.941,217.062,236.520,185.846,398.866,2008.936,1178.114,655.247,744.369,2539.182,260.793,522.487,505.730,1455.092,579.006,309.585,447.492
2020-01-31,151.503,458.215,169.478,183.848,318.099,92.019,292.086,299.700,281.853,172.591,271.503,261.177,213.326,233.254,183.089,409.541,1908.843,1091.126,628.451,777.979,2383.745,243.744,489.670,487.651,1433.616,581.846,301.284,413.273
2020-02-28,138.870,411.441,155.811,168.341,316.429,86.611,261.508,280.886,261.784,153.335,251.418,244.256,198.153,220.550,171.196,371.855,1690.576,966.037,587.409,762.169,2210.050,215.744,429.775,496.763,1271.633,544.321,284.655,363.036
2020-03-31,129.085,308.651,128.366,139.832,278.002,67.170,210.305,225.179,249.885,128.988,219.652,191.969,176.210,190.258,133.543,263.352,1320.207,798.405,519.863,554.988,1306.300,177.079,266.024,464.515,899.259,407.959,255.951,273.097
2020-04-30,136.285,356.477,134.251,153.644,298.752,68.528,232.984,244.458,262.092,135.863,248.901,216.053,191.683,205.953,135.681,275.206,1463.802,927.909,563.361,611.997,1408.061,205.713,280.909,494.725,1010.274,474.654,270.482,308.966
2020-05-29,142.142,367.030,138.719,164.355,269.593,71.343,241.264,233.115,265.367,135.192,257.667,219.624,202.491,218.079,139.332,288.534,1407.876,953.972,567.135,582.567,1418.362,190.252,300.174,484.737,1027.994,454.380,279.208,310.268
2020-06-30,140.755,388.693,145.657,172.861,296.482,76.168,235.427,240.981,270.853,135.826,260.903,225.372,214.786,223.290,143.895,285.492,1423.159,964.311,607.144,580.523,1401.334,199.944,319.268,523.196,1089.058,480.589,284.004,339.233
2020-07-31,131.569,385.733,142.161,172.421,279.514,75.016,244.986,229.214,267.736,130.824,262.427,226.865,212.824,232.581,137.000,278.900,1396.830,889.669,618.396,541.370,1402.727,210.160,346.397,543.867,1079.748,503.861,292.115,341.410
2020-08-31,139.991,402.755,147.272,181.392,298.120,76.837,260.326,231.072,271.356,133.937,278.824,236.298,216.205,242.057,137.687,277.364,1484.236,860.036,624.089,580.188,1430.809,187.510,312.046,568.271,1094.699,515.608,278.216,333.388
2020-09-30,144.170,382.800,143.357,179.347,288.387,73.929,244.072,228.473,272.578,129.793,273.656,229.148,217.848,245.052,132.620,285.971,1411.209,793.757,656.103,581.473,1324.648,183.481,295.646,563.725,971.524,529.126,279.062,336.815
2020-10-30,142.816,385.443,137.403,162.017,286.958,69.290,227.982,223.781,259.144,124.066,268.237,223.020,214.042,235.249,128.118,294.578,1418.827,780.531,664.735,548.459,1318.402,184.345,290.083,597.516,1062.856,538.657,276.647,340.917
2020-11-30,156.448,434.975,164.477,184.843,310.645,85.577,269.116,259.270,275.766,141.088,291.286,247.124,237.769,266.531,161.596,344.874,1665.045,949.238,763.062,550.308,1548.281,205.542,349.525,597.992,1187.994,569.776,289.274,367.325
2020-12-31,159.262,450.842,165.367,191.622,319.114,86.731,277.918,260.232,282.772,145.471,296.399,250.186,247.224,268.750,162.342,359.150,1756.223,954.545,869.471,529.437,1887.854,225.871,388.183,600.804,1226.977,613.812,294.419,394.280
2021-01-29,158.791,454.243,161.400,189.449,327.785,83.874,280.070,264.597,278.949,146.155,295.653,249.263,255.096,276.689,156.066,346.389,1654.002,962.097,885.966,573.846,1635.256,227.467,360.326,649.634,1201.599,603.780,284.307,407.818
2021-02-26,161.341,466.652,169.594,193.437,343.508,88.735,291.941,271.863,272.728,151.546,303.524,263.367,265.070,284.661,164.373,348.082,1776.237,980.354,888.660,565.985,1666.004,245.797,337.868,643.490,1219.992,635.929,285.127,420.093
2021-03-31,168.396,485.356,179.770,207.931,356.317,95.966,321.024,294.953,288.518,160.817,325.139,285.439,286.179,311.260,170.627,389.594,1634.461,1036.643,919.848,529.176,1626.862,274.798,363.797,622.803,1180.722,671.663,288.711,460.181
2021-04-30,161.906,497.242,186.323,209.880,358.650,94.156,324.991,297.163,293.292,163.893,334.632,290.974,293.979,316.119,175.644,391.181,1493.912,1002.098,924.660,519.378,1477.684,243.432,378.080,616.497,1150.289,649.689,291.556,448.414
2021-05-31,161.890,505.472,192.107,212.986,357.769,98.661,330.320,292.368,303.174,167.839,330.916,302.070,296.117,322.802,182.689,416.383,1626.040,980.906,914.279,481.059,1437.772,230.996,408.104,611.661,1146.980,695.135,281.636,473.089
2021-06-30,166.422,514.044,194.317,215.753,362.074,98.572,333.645,293.689,318.920,168.888,350.555,311.268,304.289,325.346,178.078,421.413,1477.666,977.341,955.690,476.055,1565.621,233.710,443.145,631.233,1109.964,711.677,279.102,449.439
2021-07-30,164.329,507.311,197.625,215.967,351.693,99.280,327.541,297.663,329.684,170.440,358.772,310.946,318.228,341.108,174.875,431.110,1343.370,909.911,901.705,509.588,1512.855,220.023,416.006,543.896,1088.348,717.866,267.967,441.832
2021-08-31,170.141,516.991,199.805,219.841,350.882,101.038,338.840,295.429,335.230,172.665,370.890,312.969,341.574,338.521,178.487,457.151,1352.818,1019.175,891.666,540.423,1680.012,231.451,408.480,546.383,1179.936,800.021,291.809,447.050
2021-09-30,178.065,510.059,194.794,211.374,335.634,99.778,359.148,300.478,315.643,172.304,359.819,310.460,321.893,325.745,176.271,437.306,1345.406,964.322,848.548,507.821,1765.642,220.414,361.905,528.566,1242.742,819.780,286.291,433.426
2021-10-29,172.328,530.840,203.772,216.247,340.578,105.093,371.481,313.599,335.846,179.480,385.385,334.590,343.998,344.208,183.343,437.163,1527.457,994.391,830.228,585.748,1816.927,204.527,329.685,546.046,1348.421,814.450,293.897,433.457
2021-11-30,172.806,510.168,200.642,207.822,331.540,101.045,349.513,298.133,340.239,174.631,392.070,327.162,333.026,332.807,168.259,422.953,1473.864,961.174,814.511,605.026,1716.468,222.806,333.997,527.874,1346.981,811.935,287.999,425.684
2021-12-31,174.283,530.729,212.644,217.178,329.915,107.337,364.815,295.849,362.947,185.466,403.270,339.117,339.451,352.346,177.105,473.498,1514.085,1012.565,857.015,612.445,1750.356,201.054,344.967,506.025,1347.978,833.664,297.011,439.416
2022-01-31,167.832,491.239,207.498,212.182,338.051,106.079,369.915,296.929,339.466,189.832,385.838,341.070,304.318,321.187,176.844,455.140,1717.616,1029.315,781.043,594.385,1963.182,229.552,395.521,498.194,1375.317,834.151,290.474,476.131
2022-02-28,165.631,518.945,197.855,197.147,327.954,100.746,384.537,292.843,337.191,190.951,373.642,340.984,288.728,294.624,173.743,476.587,1865.259,1082.250,785.270,560.782,2065.229,237.316,413.291,477.827,1448.002,799.182,305.827,497.349
2022-03-31,166.361,581.776,198.454,193.367,331.070,98.682,410.724,297.171,347.096,193.023,390.296,362.473,286.646,304.434,173.511,525.628,2087.541,1077.896,792.138,479.337,2393.649,266.190,479.226,443.788,1509.371,836.230,309.484,540.238
2022-04-29,160.012,577.576,195.900,187.252,331.735,96.830,403.005,290.050,348.225,196.062,374.234,354.367,271.670,296.753,178.205,493.140,1819.905,1083.665,782.603,487.889,2257.033,246.254,436.119,448.947,1651.345,867.223,317.479,497.072
2022-05-31,160.159,562.596,196.086,190.041,335.833,98.579,412.283,277.683,331.690,196.402,367.542,354.028,269.412,290.286,184.002,513.369,1820.873,1092.583,784.900,442.061,2520.202,287.140,465.483,447.326,1572.494,804.286,305.546,495.106
2022-06-30,151.157,507.010,180.044,168.481,348.400,86.479,372.576,263.272,315.886,183.910,345.289,325.028,247.018,254.724,169.119,474.530,1550.027,1025.589,666.840,406.251,1833.995,238.248,385.566,488.433,1461.624,768.539,287.294,442.729
2022-07-29,163.814,553.909,196.439,176.809,344.270,90.890,405.048,286.024,339.097,195.606,386.927,349.537,279.712,290.751,170.725,486.257,1637.036,1031.270,723.433,422.820,1857.733,274.452,417.166,453.231,1546.227,861.446,301.688,455.389
2022-08-31,161.869,555.863,186.551,167.866,336.837,87.884,405.272,284.817,325.102,187.167,376.794,340.005,254.811,265.235,165.820,468.404,1633.344,1104.581,709.235,429.175,1762.225,285.801,450.110,460.614,1649.334,909.415,307.545,442.970
2022-09-30,148.934,504.619,175.078,157.169,308.707,84.405,336.779,276.744,311.691,175.136,350.743,319.301,235.317,247.866,155.100,478.806,1639.040,1062.680,594.925,427.908,1595.788,262.348,446.617,403.979,1680.973,873.437,284.896,414.320
2022-10-31,151.998,526.434,189.972,170.349,268.733,93.128,372.028,274.229,318.479,184.061,375.142,337.169,246.882,262.582,168.468,540.325,1845.714,1065.591,638.895,432.065,1709.071,266.875,480.854,333.113,1671.854,887.954,290.691,422.995
2022-11-30,160.020,566.839,203.885,186.356,321.123,101.506,380.537,293.423,329.759,195.694,379.466,343.241,278.068,279.793,177.121,549.750,1995.461,1131.306,704.943,499.260,1693.111,271.826,448.205,414.744,1614.523,896.600,303.676,485.584
2022-12-30,154.794,535.809,196.366,179.710,334.984,97.903,361.443,280.589,315.904,188.055,344.426,314.842,261.377,268.792,174.971,494.338,1765.560,1132.548,645.048,504.785,1753.583,255.703,419.596,420.944,1487.938,817.651,298.197,450.041
2023-01-31,161.568,582.867,214.674,198.509,341.691,108.812,346.484,296.364,329.414,196.832,360.629,337.272,294.581,283.732,191.230,568.441,1872.189,1154.728,712.357,482.708,1793.672,277.492,440.935,462.388,1509.831,779.461,301.400,462.961
2023-02-28,159.109,557.684,219.599,199.444,325.111,112.100,354.284,287.851,325.903,202.075,360.317,330.306,292.134,296.930,201.069,580.999,1847.288,1073.325,678.486,521.043,1537.228,272.615,409.978,424.400,1531.320,761.768,286.298,435.940
2023-03-31,161.466,541.026,221.100,202.458,321.186,110.274,329.584,295.050,331.179,196.019,364.034,322.617,299.495,289.216,198.799,584.349,1877.619,1093.501,694.325,477.918,1490.363,264.347,399.095,432.972,1548.980,752.193,282.390,439.517
2023-04-28,159.481,533.506,227.706,206.050,317.896,113.391,328.519,288.380,346.178,203.155,362.693,326.933,290.823,296.299,201.179,589.744,1852.567,1039.740,676.958,493.432,1546.166,254.631,406.097,404.115,1624.264,771.076,274.315,436.415
2023-05-31,168.223,526.116,218.199,201.413,300.547,109.502,313.140,279.178,342.170,196.560,377.828,320.030,303.686,280.847,196.516,595.078,1833.167,1043.981,734.678,509.334,1494.449,254.995,423.265,383.196,1627.292,821.738,268.840,388.773
2023-06-30,171.115,540.226,227.285,207.251,303.699,118.830,324.944,277.467,343.065,199.478,393.680,333.115,310.588,284.610,209.002,614.438,1990.631,999.597,722.080,494.567,1658.173,269.550,479.590,389.307,1585.509,840.693,257.677,416.154
2023-07-31,174.434,555.932,229.804,211.356,309.043,124.929,349.518,300.176,351.686,204.179,402.854,340.301,315.786,285.955,211.162,636.050,2198.465,1068.752,760.946,481.154,1866.019,282.080,497.786,426.674,1590.271,856.738,279.829,463.849
2023-08-31,172.905,540.319,224.397,204.319,286.960,121.974,347.418,279.092,344.618,199.098,402.129,331.224,293.169,270.454,208.159,617.040,2077.516,1055.759,714.271,542.124,1597.184,259.721,463.599,394.620,1593.278,853.740,275.445,413.228
2023-09-29,173.526,538.072,217.859,197.084,278.283,120.011,373.634,285.010,334.573,202.394,392.780,329.387,276.594,276.854,207.071,592.093,1969.848,983.746,694.784,587.706,1711.086,250.652,476.252,393.395,1578.786,889.842,277.437,408.945
2023-10-31,165.986,511.219,209.950,188.629,273.017,118.731,355.053,272.252,319.703,194.282,384.269,311.357,273.701,260.615,198.922,556.241,1895.142,953.779,647.246,615.657,1621.913,228.289,459.228,377.250,1450.341,864.801,277.610,402.196
2023-11-30,174.554,544.092,222.830,207.060,265.314,127.329,358.259,269.543,338.264,200.797,407.124,332.979,300.636,290.436,221.661,622.471,1895.315,936.414,728.863,730.772,1697.851,244.799,508.182,374.670,1499.046,893.754,277.061,419.590
2023-12-29,179.940,594.241,230.327,213.527,275.847,129.677,369.656,285.391,353.138,207.295,420.916,351.156,317.772,321.644,223.046,673.028,2330.642,979.386,767.543,690.421,1903.811,256.084,537.917,361.153,1542.937,954.323,278.042,441.344
2024-01-31,191.439,594.833,234.350,215.068,253.264,132.176,354.381,277.468,358.013,207.990,434.601,354.308,342.765,313.521,223.516,671.702,2318.234,917.038,702.570,840.757,1973.714,231.598,514.798,328.296,1542.260,993.887,281.818,423.127
2024-02-29,197.922,593.685,241.457,224.739,265.891,140.383,343.981,280.919,351.464,208.833,459.446,358.001,361.426,330.021,221.458,655.135,2495.389,926.538,757.139,738.558,2014.384,245.459,518.043,357.202,1598.145,1024.985,289.540,400.856
2024-03-29,204.303,612.640,249.444,233.817,249.228,150.774,351.742,292.267,356.581,218.607,474.848,373.442,375.283,332.798,246.795,691.838,2761.222,919.470,797.778,496.260,2223.746,250.224,509.692,361.289,1611.585,1035.350,292.993,420.530
2024-04-30,196.334,595.517,244.773,227.379,264.787,147.740,356.240,306.989,343.359,224.978,459.716,364.339,364.276,327.981,242.983,672.678,2895.632,917.014,759.365,441.874,2146.645,250.417,493.894,388.991,1488.854,1069.990,300.561,436.722
2024-05-31,195.972,607.393,248.234,233.496,267.375,152.364,381.779,313.931,365.539,229.534,474.215,371.089,380.115,344.959,253.338,646.155,2967.535,888.725,720.990,485.475,2263.644,259.721,462.045,392.322,1372.548,1061.351,304.736,429.915
2024-06-28,197.090,627.359,232.561,232.333,253.531,146.715,377.656,320.690,370.392,228.429,497.352,368.269,397.067,342.554,244.603,585.089,2837.539,882.074,794.552,479.325,2138.078,248.801,450.734,389.883,1422.817,1149.813,308.203,475.713
2024-07-31,206.523,631.720,235.805,234.529,252.169,150.565,373.795,327.094,384.499,235.745,498.655,382.536,373.882,341.352,249.497,583.830,2846.286,924.475,783.134,503.516,2165.410,245.263,452.124,381.024,1463.106,1184.078,321.190,495.584
2024-08-30,202.919,644.077,239.258,240.140,260.885,154.408,374.471,337.237,393.808,238.132,499.038,389.101,372.384,348.990,255.926,540.778,2745.666,987.274,748.656,519.988,2131.280,247.857,471.615,376.230,1571.566,1169.722,344.615,501.810
2024-09-30,200.098,671.887,240.492,247.045,302.936,152.978,370.397,362.101,385.949,236.786,505.427,396.072,363.998,356.579,266.983,542.820,2940.691,1092.071,720.328,516.808,2035.654,251.604,463.741,462.345,1575.828,1184.634,356.752,530.331
2024-10-31,197.688,642.520,231.456,242.487,292.912,153.955,371.492,359.853,374.973,230.057,515.617,397.691,332.019,334.642,263.508,530.155,2968.257,1079.098,684.630,507.784,2080.894,244.996,450.585,447.181,1540.737,1117.185,337.250,531.309
2024-11-29,204.532,683.237,227.851,248.669,290.210,150.410,389.636,399.363,377.021,239.752,562.948,435.889,338.874,333.968,261.313,528.187,2955.888,1058.866,663.401,519.128,2147.850,247.825,430.448,439.256,1458.233,1143.562,341.766,521.769
2024-12-31,207.903,641.693,232.604,251.072,294.491,153.899,377.533,402.640,369.186,237.808,559.397,419.134,343.721,330.386,261.261,523.177,2879.756,1058.464,627.196,506.913,2190.550,252.820,402.989,460.087,1432.866,1132.227,358.156,502.437
