Date,WORLD,WORLD ex USA,EAFE,USA,ACWI,ACWI ex USA,EM
1969-12-31,100.000,100.000,100.000,100.000,,,
1970-01-30,94.249,97.655,98.624,92.592,,,
1970-02-27,96.979,96.154,96.097,97.527,,,
1970-03-31,97.075,95.857,97.340,97.829,,,
1970-04-30,87.800,85.564,88.966,89.088,,,
1970-05-29,82.060,79.005,84.280,83.789,,,
1970-06-30,79.837,79.616,85.850,80.099,,,
1970-07-31,84.585,82.500,89.003,85.851,,,
1970-08-31,87.175,83.872,89.103,89.109,,,
1970-09-30,89.788,86.212,89.493,91.875,,,
1970-10-30,88.264,83.612,88.447,90.950,,,
1970-11-30,90.035,80.539,84.370,95.670,,,
1970-12-31,94.292,83.169,85.872,100.927,,,
1971-01-29,98.420,86.822,89.074,105.338,,,
1971-02-26,99.255,87.642,89.582,106.180,,,
1971-03-31,103.407,91.874,93.166,110.273,,,
1971-04-30,106.587,93.632,96.479,114.333,,,
1971-05-31,103.859,94.157,98.000,109.661,,,
1971-06-30,104.711,95.568,100.030,110.183,,,
1971-07-30,102.836,97.775,103.987,106.030,,,
1971-08-31,104.877,96.022,102.230,110.172,,,
1971-09-30,103.676,95.532,100.387,108.577,,,
1971-10-29,99.540,91.302,96.910,104.476,,,
1971-11-30,100.176,92.736,99.785,104.681,,,
1971-12-31,108.993,106.628,108.315,111.027,,,
1972-01-31,112.774,114.130,114.280,113.067,,,
1972-02-29,116.888,120.791,121.438,116.038,,,
1972-03-31,118.297,121.788,125.089,117.650,,,
1972-04-28,119.654,126.216,127.740,117.641,,,
1972-05-31,121.882,134.552,131.544,117.322,,,
1972-06-30,118.841,129.708,127.709,115.029,,,
1972-07-31,120.466,137.525,134.261,114.189,,,
1972-08-31,123.678,138.917,135.425,118.164,,,
1972-09-29,121.590,131.937,130.682,118.165,,,
1972-10-31,122.381,131.481,131.726,119.508,,,
1972-11-30,128.591,142.083,140.057,123.924,,,
1972-12-29,130.737,144.924,144.366,125.796,,,
1973-01-31,130.825,151.219,146.515,122.627,,,
1973-02-28,131.515,166.424,158.266,116.731,,,
1973-03-30,131.476,169.828,158.900,115.180,,,
1973-04-30,124.631,157.902,149.629,110.582,,,
1973-05-31,124.046,160.323,152.893,108.675,,,
1973-06-29,124.611,162.222,156.280,108.663,,,
1973-07-31,127.351,162.004,153.965,112.758,,,
1973-08-31,121.822,152.887,145.763,108.823,,,
1973-09-28,125.110,155.384,144.402,112.524,,,
1973-10-31,126.136,158.018,147.132,112.818,,,
1973-11-30,109.548,131.816,125.598,100.662,,,
1973-12-31,108.410,125.497,120.087,102.227,,,
1974-01-31,109.006,130.855,120.546,100.276,,,
1974-02-28,110.459,135.800,124.179,99.958,,,
1974-03-29,107.416,131.864,120.589,97.305,,,
1974-04-30,105.382,133.657,123.443,93.358,,,
1974-05-31,100.892,126.218,118.250,90.258,,,
1974-06-28,97.476,119.393,112.519,88.529,,,
1974-07-31,91.462,115.636,106.441,81.285,,,
1974-08-30,82.390,103.201,95.109,73.707,,,
1974-09-30,74.454,96.846,87.837,64.919,,,
1974-10-31,81.329,96.354,88.243,76.151,,,
1974-11-29,79.808,99.073,90.666,72.406,,,
1974-12-31,78.237,97.663,89.348,70.678,,,
1975-01-31,89.398,113.723,104.898,79.571,,,
1975-02-28,97.047,127.138,118.318,84.302,,,
1975-03-31,97.510,125.265,116.634,86.095,,,
1975-04-30,101.300,129.651,121.732,89.710,,,
1975-05-30,103.447,128.945,120.392,93.542,,,
1975-06-30,104.505,124.476,115.292,97.775,,,
1975-07-31,98.483,119.384,110.148,90.960,,,
1975-08-29,96.723,118.362,109.599,88.704,,,
1975-09-30,92.428,112.105,104.233,85.336,,,
1975-10-31,98.555,119.622,112.835,90.944,,,
1975-11-28,101.013,122.224,115.135,93.430,,,
1975-12-31,100.863,123.894,117.235,92.236,,,
1976-01-30,109.636,130.334,123.044,102.733,,,
1976-02-27,108.582,129.687,121.721,101.400,,,
1976-03-31,109.621,126.880,119.289,104.667,,,
1976-04-30,108.579,126.344,118.368,103.291,,,
1976-05-31,106.525,122.966,114.800,101.900,,,
1976-06-30,109.559,124.116,116.354,106.143,,,
1976-07-30,108.288,122.024,114.616,105.284,,,
1976-08-31,107.791,121.294,114.313,104.900,,,
1976-09-30,108.443,119.005,111.958,107.270,,,
1976-10-29,104.395,111.564,104.441,104.980,,,
1976-11-30,103.725,110.956,105.343,104.244,,,
1976-12-31,111.262,123.094,116.809,109.482,,,
1977-01-31,107.261,121.624,115.736,103.851,,,
1977-02-28,106.520,123.751,117.902,101.430,,,
1977-03-31,105.581,123.662,117.883,99.961,,,
1977-04-29,106.460,126.134,120.929,99.968,,,
1977-05-31,104.734,125.075,120.034,97.782,,,
1977-06-30,108.395,127.660,122.314,102.224,,,
1977-07-29,106.659,125.517,120.069,100.643,,,
1977-08-31,106.770,129.668,124.962,98.442,,,
1977-09-30,107.812,133.071,128.266,98.176,,,
1977-10-31,105.680,134.699,131.047,93.788,,,
1977-11-30,106.709,133.927,129.509,95.897,,,
1977-12-30,108.521,138.651,133.879,96.119,,,
1978-01-31,105.020,139.158,135.148,90.178,,,
1978-02-28,103.901,140.120,136.251,87.821,,,
1978-03-31,108.282,149.401,145.718,89.609,,,
1978-04-28,112.831,148.017,144.200,97.731,,,
1978-05-31,113.929,151.066,146.679,97.771,,,
1978-06-30,114.736,156.711,152.821,95.864,,,
1978-07-31,122.678,169.660,165.629,101.309,,,
1978-08-31,125.160,172.637,168.493,103.617,,,
1978-09-29,126.266,177.214,173.008,102.801,,,
1978-10-31,123.462,185.304,182.417,93.680,,,
1978-11-30,118.757,169.325,164.946,95.188,,,
1978-12-29,122.280,176.987,172.590,96.508,,,
1979-01-31,125.060,177.852,173.109,100.505,,,
1979-02-28,122.353,177.007,171.802,96.612,,,
1979-03-30,127.068,181.470,175.089,101.673,,,
1979-04-30,126.522,180.676,173.863,101.244,,,
1979-05-31,123.964,177.648,169.707,98.842,,,
1979-06-29,127.170,180.847,172.174,102.194,,,
1979-07-31,127.746,181.296,173.612,102.869,,,
1979-08-31,132.489,186.619,177.216,107.498,,,
1979-09-28,135.076,195.023,184.391,106.857,,,
1979-10-31,124.639,178.318,169.092,99.536,,,
1979-11-30,128.077,181.659,170.592,103.186,,,
1979-12-31,131.101,188.109,175.723,104.383,,,
1980-01-31,138.591,199.142,183.578,110.181,,,
1980-02-29,138.248,200.977,182.173,108.563,,,
1980-03-31,122.959,175.394,162.171,98.453,,,
1980-04-30,130.581,190.401,176.809,102.217,,,
1980-05-30,136.573,199.657,184.339,106.613,,,
1980-06-30,142.683,211.804,195.379,109.551,,,
1980-07-31,146.628,211.124,193.686,116.305,,,
1980-08-29,149.054,217.530,199.665,116.587,,,
1980-09-30,153.086,224.725,205.885,119.002,,,
1980-10-31,157.102,231.752,213.826,121.485,,,
1980-11-28,163.233,227.653,208.799,133.636,,,
1980-12-31,159.228,225.415,209.132,128.466,,,
1981-01-30,154.155,220.362,205.558,123.167,,,
1981-02-27,154.165,216.733,202.165,125.240,,,
1981-03-31,159.204,224.641,208.775,128.868,,,
1981-04-30,158.838,228.793,213.768,125.928,,,
1981-05-29,155.298,220.348,204.124,125.018,,,
1981-06-30,154.584,219.806,204.948,124.184,,,
1981-07-31,151.506,210.301,196.045,124.512,,,
1981-08-31,148.096,214.622,200.068,116.856,,,
1981-09-30,136.528,192.049,179.568,110.805,,,
1981-10-30,140.274,193.690,181.917,115.752,,,
1981-11-30,150.253,214.445,201.493,120.263,,,
1981-12-31,146.620,210.827,198.987,116.520,,,
1982-01-29,144.023,206.748,197.040,114.639,,,
1982-02-26,134.865,192.045,183.921,108.163,,,
1982-03-31,130.746,181.973,174.436,107.017,,,
1982-04-30,136.721,191.761,185.156,111.150,,,
1982-05-31,132.831,188.445,182.166,106.898,,,
1982-06-30,126.395,172.896,167.972,104.990,,,
1982-07-30,124.336,171.492,165.481,102.556,,,
1982-08-31,132.927,173.603,165.043,114.627,,,
1982-09-30,133.113,172.295,163.468,115.581,,,
1982-10-29,141.829,174.344,163.652,127.902,,,
1982-11-30,148.919,186.914,176.155,132.318,,,
1982-12-31,155.156,201.990,189.778,134.150,,,
1983-01-31,158.034,201.244,187.650,138.966,,,
1983-02-28,160.914,205.171,192.349,141.364,,,
1983-03-31,166.139,212.309,199.335,145.709,,,
1983-04-29,177.561,225.194,210.220,156.605,,,
1983-05-31,175.383,224.460,208.692,153.639,,,
1983-06-30,180.452,229.070,212.964,159.043,,,
1983-07-29,176.796,229.258,212.976,153.339,,,
1983-08-31,177.312,225.762,209.109,155.924,,,
1983-09-30,180.467,232.288,216.755,157.400,,,
1983-10-31,177.908,229.175,216.098,155.074,,,
1983-11-30,182.061,236.163,220.760,157.849,,,
1983-12-30,183.952,244.434,229.467,156.432,,,
1984-01-31,185.039,252.018,239.260,154.132,,,
1984-02-29,181.537,254.927,240.952,147.179,,,
1984-03-30,189.609,274.567,263.088,149.341,,,
1984-04-30,188.450,269.279,258.241,150.328,,,
1984-05-31,173.852,243.379,231.543,141.335,,,
1984-06-29,174.884,241.758,230.793,143.770,,,
1984-07-31,168.266,225.474,215.545,142.081,,,
1984-08-31,184.682,245.569,233.356,156.939,,,
1984-09-28,183.518,242.767,230.860,156.600,,,
1984-10-31,185.009,246.725,236.197,156.814,,,
1984-11-30,183.845,242.784,236.656,154.698,,,
1984-12-31,187.205,245.972,240.985,158.006,,,
1985-01-31,197.057,252.444,245.974,170.103,,,
1985-02-28,196.964,249.598,244.103,171.522,,,
1985-03-29,203.303,267.777,262.577,171.384,,,
1985-04-30,202.242,266.539,261.209,170.398,,,
1985-05-31,212.126,276.678,271.831,180.337,,,
1985-06-28,215.397,282.280,278.328,182.368,,,
1985-07-31,219.314,295.328,292.177,181.208,,,
1985-08-30,220.587,302.872,301.036,178.954,,,
1985-09-30,221.702,316.963,318.107,172.684,,,
1985-10-31,233.095,334.817,339.190,179.909,,,
1985-11-29,245.573,348.867,352.533,191.790,,,
1985-12-31,256.514,363.191,368.643,201.050,,,
1986-01-31,259.748,371.026,377.290,201.676,,,
1986-02-28,282.575,408.819,418.452,216.311,,,
1986-03-31,309.601,463.471,476.653,227.731,,,
1986-04-30,317.502,491.333,507.172,223.911,,,
1986-05-30,315.983,470.008,483.954,234.285,,,
1986-06-30,328.041,498.791,516.248,236.677,,,
1986-07-31,330.052,526.023,547.365,223.387,,,
1986-08-29,358.260,576.296,600.592,239.237,,,
1986-09-30,343.351,570.451,593.676,218.173,,,
1986-10-31,336.821,533.669,553.315,229.883,,,
1986-11-28,350.458,562.831,584.556,234.612,,,
1986-12-31,356.825,590.842,614.894,228.021,,,
1987-01-30,398.106,653.954,679.516,257.614,,,
1987-02-27,410.589,673.671,699.189,266.174,,,
1987-03-31,435.354,729.766,755.779,272.650,,,
1987-04-30,460.209,801.640,834.980,269.477,,,
1987-05-29,460.177,800.295,834.239,270.289,,,
1987-06-30,459.236,776.517,806.923,283.574,,,
1987-07-31,467.738,778.898,804.776,296.342,,,
1987-08-31,494.701,833.519,864.374,307.305,,,
1987-09-30,485.400,820.223,850.018,300.033,,,
1987-10-30,402.279,700.302,730.115,235.641,,,
1987-11-30,391.765,704.726,736.457,214.999,,,
1987-12-31,407.994,725.291,757.452,229.410,100.000,100.000,100.000
1988-01-29,417.213,735.683,770.130,238.495,102.330,101.536,109.419
1988-02-29,440.683,783.533,820.635,247.731,108.073,108.126,109.682
1988-03-31,453.227,830.435,870.168,238.687,111.222,114.729,120.643
1988-04-29,458.164,841.246,881.864,240.107,112.448,116.245,126.266
1988-05-31,448.228,813.289,852.687,241.394,110.041,112.422,129.617
1988-06-30,446.842,794.002,829.333,251.852,109.746,109.812,133.710
1988-07-29,454.478,816.333,854.470,250.291,111.593,112.864,129.921
1988-08-31,428.746,762.785,798.042,241.108,105.278,105.460,125.919
1988-09-30,446.168,794.238,832.021,250.630,109.618,109.900,133.736
1988-10-31,475.074,859.650,902.293,257.527,116.601,118.782,132.541
1988-11-30,490.802,907.915,955.061,252.764,120.314,125.250,131.761
1988-12-30,494.428,912.463,959.398,256.103,121.202,125.874,134.871
1989-01-31,511.511,929.670,975.352,274.776,125.369,128.210,132.661
1989-02-28,507.484,932.361,979.409,265.728,124.408,128.625,142.524
1989-03-31,503.406,914.315,959.226,270.884,123.495,126.256,155.992
1989-04-28,514.189,922.252,967.155,284.753,126.365,127.676,184.242
1989-05-31,500.763,873.081,913.599,294.884,123.158,121.004,186.076
1989-06-30,494.288,859.140,897.302,292.928,121.227,118.581,163.285
1989-07-31,549.295,964.044,1008.993,318.915,134.694,133.031,173.493
1989-08-31,535.165,922.166,962.663,322.875,131.299,127.343,177.004
1989-09-29,549.417,960.914,1005.498,321.310,135.039,133.050,198.982
1989-10-31,530.233,923.099,964.105,313.148,130.458,128.009,201.307
1989-11-30,550.528,967.278,1011.550,318.731,135.359,133.999,191.640
1989-12-29,567.338,1001.555,1047.862,325.027,139.569,138.858,214.698
1990-01-31,539.944,961.836,1007.801,303.041,132.914,133.470,221.271
1990-02-28,515.886,895.578,936.391,306.641,127.092,124.428,229.757
1990-03-30,483.818,805.342,837.737,312.989,118.996,111.629,197.850
1990-04-30,475.922,795.141,829.999,305.699,117.243,110.485,210.656
1990-05-31,525.101,883.030,923.602,333.042,129.242,122.528,227.603
1990-06-29,520.408,874.028,914.296,330.900,128.119,121.325,235.143
1990-07-31,524.178,885.501,925.963,329.485,129.157,123.069,255.211
1990-08-31,474.129,800.424,834.824,298.427,116.748,111.136,221.940
1990-09-28,423.145,691.119,717.243,283.669,104.283,96.116,193.088
1990-10-31,461.640,790.972,827.711,281.874,113.615,109.710,189.248
1990-11-30,453.050,745.779,777.599,299.460,111.441,103.406,178.958
1990-12-31,461.527,757.359,788.981,306.850,113.564,105.069,185.162
1991-01-31,477.387,779.209,813.173,320.553,117.497,108.148,200.192
1991-02-28,520.574,859.958,899.059,341.789,128.281,119.559,229.627
1991-03-29,504.264,809.081,843.884,349.202,124.438,112.777,238.234
1991-04-30,507.243,815.954,851.008,349.644,125.212,113.785,238.953
1991-05-31,517.764,824.570,858.706,363.248,127.942,115.197,256.968
1991-06-28,484.846,764.930,794.462,345.677,119.884,106.992,247.267
1991-07-31,506.778,800.016,832.296,360.936,125.336,111.939,259.509
1991-08-30,504.198,783.342,814.183,368.750,124.821,109.817,264.266
1991-09-30,516.432,823.429,858.847,361.552,127.737,115.206,253.839
1991-10-31,523.818,835.060,869.773,366.843,129.699,117.025,263.957
1991-11-29,499.994,795.888,827.912,351.071,123.853,111.614,259.773
1991-12-31,535.364,833.598,869.354,390.215,132.780,117.200,288.796
1992-01-31,524.448,815.939,849.522,382.761,130.533,115.368,322.130
1992-02-28,514.402,786.343,817.860,386.187,128.293,111.622,335.967
1992-03-31,489.176,733.691,762.616,378.108,122.311,104.663,346.585
1992-04-30,494.993,735.161,764.947,388.203,123.670,104.785,342.450
1992-05-29,513.665,781.106,814.852,388.820,128.131,110.931,340.418
1992-06-30,495.424,744.413,774.892,381.910,123.278,105.352,305.519
1992-07-31,495.645,725.581,753.705,396.861,123.390,102.891,308.380
1992-08-31,506.637,766.648,799.578,386.371,125.873,108.154,293.440
1992-09-30,500.953,748.266,782.447,389.589,124.525,105.725,294.069
1992-10-30,486.384,710.045,740.167,390.982,121.216,100.888,309.629
1992-11-30,494.113,713.820,745.943,402.999,122.976,101.258,306.055
1992-12-31,497.132,716.885,748.617,406.462,123.882,101.919,314.929
1993-01-29,497.833,715.253,747.347,409.073,124.065,101.721,316.189
1993-02-26,508.673,736.598,768.772,413.484,126.728,104.651,321.229
1993-03-31,537.200,798.020,834.605,421.027,133.750,113.075,331.295
1993-04-30,561.116,870.824,912.588,410.766,139.540,122.836,337.122
1993-05-31,573.068,888.387,930.648,420.292,142.542,125.360,345.394
1993-06-30,567.291,873.661,914.939,420.618,141.349,123.659,354.819
1993-07-30,578.019,902.017,945.803,419.187,144.013,127.570,363.231
1993-08-31,603.556,947.353,995.681,433.351,150.583,134.226,393.460
1993-09-30,591.436,923.980,972.073,428.110,147.797,131.276,407.469
1993-10-29,606.772,953.630,1000.848,434.661,151.915,135.837,443.777
1993-11-30,571.488,871.488,912.190,430.747,143.762,125.308,463.173
1993-12-31,598.496,932.742,976.896,434.983,151.279,134.895,539.344
1994-01-31,637.008,1009.087,1058.313,449.819,161.054,145.805,548.878
1994-02-28,627.790,1003.332,1054.182,436.199,158.466,144.515,538.779
1994-03-31,599.737,958.949,1007.545,416.333,151.071,137.690,489.211
1994-04-29,617.299,996.555,1049.071,421.299,154.903,142.150,478.355
1994-05-31,617.906,990.130,1041.824,427.349,155.536,141.984,493.660
1994-06-30,615.194,1000.302,1055.281,414.388,154.502,142.779,479.180
1994-07-29,625.894,1010.061,1064.167,427.442,157.656,144.906,508.729
1994-08-31,643.738,1034.023,1088.086,443.324,162.998,149.575,571.296
1994-09-30,625.806,1002.571,1052.513,433.000,158.893,145.664,577.286
1994-10-31,642.570,1032.824,1086.219,442.000,162.678,149.359,566.108
1994-11-30,613.676,981.355,1032.703,425.963,155.330,141.940,535.995
1994-12-30,618.590,986.733,1037.861,431.264,155.596,141.405,492.578
1995-01-31,608.263,946.505,996.670,442.209,152.153,134.787,439.837
1995-02-28,616.074,944.530,992.450,458.693,153.493,133.836,428.107
1995-03-31,644.674,1001.368,1052.885,470.035,160.210,141.145,429.803
1995-04-28,666.043,1036.886,1091.011,483.842,165.732,146.409,448.288
1995-05-31,670.635,1025.071,1076.535,501.775,167.244,145.505,470.954
1995-06-30,669.317,1006.992,1056.166,513.160,166.966,143.241,471.383
1995-07-31,701.687,1066.530,1120.421,529.623,174.737,151.135,481.278
1995-08-31,684.957,1025.979,1076.245,528.691,170.611,145.660,469.281
1995-09-29,703.797,1043.675,1095.800,551.427,175.000,147.915,466.406
1995-10-31,691.604,1014.932,1064.883,550.189,171.776,143.735,448.106
1995-11-30,714.509,1042.138,1093.062,573.394,176.881,146.886,439.690
1995-12-29,734.280,1081.499,1135.634,581.071,181.895,152.450,458.369
1996-01-31,746.451,1086.464,1138.866,600.799,185.639,154.321,490.519
1996-02-29,749.857,1088.194,1141.228,606.038,186.093,154.083,481.920
1996-03-29,761.184,1109.787,1163.955,611.159,188.636,156.700,484.796
1996-04-30,777.929,1141.129,1196.301,619.162,192.895,161.172,502.463
1996-05-31,777.437,1120.181,1172.771,634.651,192.759,158.487,498.991
1996-06-28,780.202,1123.581,1177.854,637.351,193.484,159.031,501.041
1996-07-31,751.451,1089.200,1141.883,608.263,185.927,153.488,465.872
1996-08-30,758.902,1091.837,1142.827,620.827,187.894,154.139,477.132
1996-09-30,787.436,1119.931,1171.647,654.551,194.511,157.722,480.616
1996-10-31,791.751,1110.963,1158.107,670.235,194.976,155.908,467.432
1996-11-29,834.929,1155.257,1202.613,719.848,205.077,161.678,474.708
1996-12-31,820.362,1137.719,1185.565,705.160,201.784,159.560,476.315
1997-01-31,829.082,1100.823,1142.577,752.397,204.858,156.401,508.415
1997-02-28,837.440,1116.052,1159.752,756.645,207.339,159.042,529.859
1997-03-31,819.678,1115.685,1162.395,721.700,202.842,158.432,514.608
1997-04-30,845.281,1121.061,1167.028,768.160,208.993,159.474,513.702
1997-05-30,896.244,1193.464,1241.389,810.584,221.109,169.044,527.013
1997-06-30,939.746,1255.692,1308.282,846.458,232.081,178.103,554.125
1997-07-31,981.845,1277.299,1327.923,912.322,242.237,181.449,561.319
1997-08-29,914.974,1181.749,1227.213,857.096,224.917,166.933,489.238
1997-09-30,963.489,1246.601,1294.420,900.777,236.582,175.709,502.045
1997-10-31,911.569,1151.047,1193.348,875.148,222.174,160.512,419.257
1997-11-28,926.496,1136.677,1179.628,916.448,225.256,158.277,403.668
1997-12-31,936.591,1146.026,1188.389,928.912,227.875,159.841,412.465
1998-01-30,961.488,1193.399,1241.202,939.785,232.576,164.398,379.797
1998-02-27,1025.297,1269.585,1319.254,1004.607,248.164,175.137,419.232
1998-03-31,1067.354,1309.744,1358.274,1055.594,258.389,180.901,436.016
1998-04-30,1076.530,1318.353,1367.394,1066.850,260.455,181.924,430.407
1998-05-29,1061.791,1309.946,1359.139,1044.326,255.141,178.328,370.098
1998-06-30,1085.737,1315.349,1367.805,1088.091,259.395,177.401,330.521
1998-07-31,1082.741,1322.404,1380.061,1076.185,259.118,178.808,339.834
1998-08-31,937.092,1151.958,1207.454,925.238,222.452,153.312,240.312
1998-09-30,952.393,1117.466,1168.772,984.895,226.527,149.807,254.870
1998-10-30,1037.208,1232.212,1288.929,1059.963,246.874,165.251,281.402
1998-11-30,1097.621,1293.069,1353.320,1130.791,261.527,173.887,304.528
1998-12-31,1149.952,1341.086,1405.039,1196.343,273.301,179.593,298.973
1999-01-29,1173.844,1339.763,1399.240,1246.747,278.551,179.158,293.914
1999-02-26,1141.327,1304.469,1364.234,1210.633,271.211,174.903,296.565
1999-03-31,1187.545,1357.291,1419.509,1259.662,283.043,183.071,334.745
1999-04-30,1233.057,1413.895,1475.356,1303.917,294.915,191.963,375.665
1999-05-31,1186.701,1340.888,1397.722,1272.252,284.107,182.642,372.330
1999-06-30,1240.750,1391.724,1450.558,1339.359,297.892,190.770,413.808
1999-07-30,1235.701,1430.152,1491.966,1294.606,296.311,194.976,401.940
1999-08-31,1232.161,1432.584,1495.705,1285.056,295.599,195.397,405.296
1999-09-30,1218.897,1446.421,1509.055,1245.592,292.055,196.453,391.069
1999-10-29,1280.942,1500.686,1563.883,1325.737,306.497,203.512,399.053
1999-11-30,1315.675,1551.577,1616.563,1352.837,315.679,211.407,434.698
1999-12-31,1420.885,1692.696,1760.040,1445.856,341.626,231.313,489.420
2000-01-31,1338.246,1588.323,1646.621,1367.098,322.834,218.488,491.393
2000-02-29,1340.583,1631.812,1689.342,1333.279,323.592,224.151,497.741
2000-03-31,1431.938,1697.192,1753.162,1465.047,344.498,232.311,499.404
2000-04-28,1370.108,1607.601,1659.279,1416.340,328.684,219.074,451.359
2000-05-31,1334.136,1567.088,1617.129,1377.567,319.776,213.179,431.703
2000-06-30,1377.722,1633.145,1678.614,1409.306,330.209,221.930,445.518
2000-07-31,1337.647,1569.162,1606.613,1382.781,320.160,212.915,422.082
2000-08-31,1379.870,1588.111,1618.942,1453.345,329.761,215.292,423.560
2000-09-29,1305.245,1504.294,1538.506,1373.016,311.309,203.099,386.031
2000-10-31,1282.138,1461.792,1500.600,1361.950,304.895,196.417,357.847
2000-11-30,1203.054,1401.389,1442.758,1253.096,285.682,187.376,326.356
2000-12-29,1221.253,1448.888,1492.407,1249.864,290.113,193.525,333.793
2001-01-31,1244.222,1451.202,1491.296,1294.402,297.271,196.338,379.022
2001-02-28,1137.879,1335.023,1378.196,1177.196,271.968,180.639,349.024
2001-03-30,1061.262,1241.334,1282.987,1101.098,253.117,167.325,313.138
2001-04-30,1138.087,1325.205,1369.472,1185.823,271.089,178.261,327.709
2001-05-31,1121.088,1277.880,1317.205,1191.158,267.374,172.707,330.545
2001-06-29,1084.788,1223.964,1261.495,1163.136,258.844,165.759,322.888
2001-07-31,1069.669,1201.945,1238.007,1151.133,254.542,161.950,301.666
2001-08-31,1016.732,1167.798,1204.491,1072.997,242.414,157.618,298.169
2001-09-28,926.023,1048.444,1080.954,989.920,219.961,140.648,251.395
2001-10-31,943.200,1073.807,1108.338,1003.341,224.482,144.547,266.861
2001-11-30,997.928,1115.179,1148.353,1078.989,238.000,151.030,294.426
2001-12-31,1003.516,1122.051,1154.959,1084.544,240.033,152.918,317.400
2002-01-31,972.418,1064.496,1093.113,1068.133,233.258,146.279,327.746
2002-02-28,962.732,1069.650,1099.391,1045.597,231.208,147.143,332.765
2002-03-29,1003.597,1123.413,1155.599,1083.675,241.171,154.627,351.427
2002-04-30,968.250,1127.691,1160.737,1012.510,233.131,155.219,352.838
2002-05-31,967.847,1138.761,1171.510,1003.402,232.824,156.288,346.280
2002-06-28,907.810,1090.626,1123.006,925.676,218.252,149.237,319.752
2002-07-31,830.549,981.421,1011.343,858.154,199.729,134.552,294.623
2002-08-30,830.582,977.546,1006.554,860.888,199.846,134.224,298.886
2002-09-30,738.179,872.493,897.046,762.564,177.625,119.775,266.106
2002-10-31,791.883,917.691,944.620,830.633,190.489,126.103,283.161
2002-11-29,833.471,958.859,986.376,879.095,200.604,132.003,302.358
2002-12-31,792.215,927.278,952.653,824.583,190.797,127.644,292.090
2003-01-31,767.478,891.439,912.386,803.601,185.033,123.075,290.438
2003-02-28,752.864,872.293,889.822,789.797,181.416,120.321,281.288
2003-03-31,748.628,851.892,868.547,796.075,180.201,117.415,272.267
2003-04-30,813.302,930.247,950.030,861.537,195.753,128.134,295.166
2003-05-30,857.649,984.339,1003.777,906.164,206.535,135.702,315.436
2003-06-30,871.066,1006.031,1025.740,916.093,210.079,139.079,332.684
2003-07-31,887.780,1028.062,1049.471,931.836,214.455,142.600,352.624
2003-08-29,905.324,1052.010,1072.136,947.800,219.098,146.473,375.518
2003-09-30,909.641,1081.845,1103.393,935.569,220.151,150.305,377.634
2003-10-31,962.707,1148.891,1171.473,987.494,233.236,159.925,409.115
2003-11-28,976.019,1173.285,1195.817,995.401,236.424,163.151,413.325
2003-12-31,1036.318,1262.710,1288.769,1045.407,251.131,175.509,442.778
2004-01-30,1052.289,1279.702,1306.425,1063.191,255.195,178.189,457.191
2004-02-27,1068.648,1307.568,1334.961,1074.308,259.511,182.473,477.732
2004-03-31,1059.157,1309.036,1337.073,1055.863,257.430,182.824,482.062
2004-04-30,1035.657,1271.116,1302.924,1038.462,250.932,176.498,441.299
2004-05-31,1042.626,1272.104,1302.036,1050.601,252.278,176.233,431.263
2004-06-30,1062.514,1298.990,1327.975,1068.877,256.895,179.635,432.200
2004-07-30,1026.991,1258.460,1283.958,1031.192,248.451,174.206,423.140
2004-08-31,1029.631,1260.489,1286.258,1034.652,249.507,175.118,439.746
2004-09-30,1047.861,1295.439,1318.034,1044.473,254.373,180.460,464.151
2004-10-29,1072.698,1341.197,1362.192,1059.113,260.379,186.584,474.271
2004-11-30,1127.339,1427.834,1452.592,1100.656,274.170,199.156,517.950
2004-12-31,1169.341,1487.234,1515.476,1137.429,284.521,207.549,542.174
2005-01-31,1142.350,1457.265,1486.974,1108.199,278.299,203.809,542.282
2005-02-28,1176.703,1519.574,1548.601,1128.941,287.494,213.455,588.681
2005-03-31,1151.184,1479.570,1503.849,1109.270,280.512,206.854,548.689
2005-04-29,1123.642,1436.585,1462.867,1087.919,273.702,200.814,531.990
2005-05-31,1140.677,1433.365,1457.360,1121.502,278.074,201.059,548.155
2005-06-30,1148.813,1453.888,1473.718,1122.569,280.438,204.328,565.168
2005-07-29,1188.165,1500.109,1518.152,1163.422,290.570,211.654,602.564
2005-08-31,1194.807,1537.706,1552.508,1150.246,292.202,216.466,606.230
2005-09-30,1224.314,1605.146,1618.843,1158.745,300.604,227.191,661.318
2005-10-31,1193.880,1552.556,1570.832,1138.513,292.319,218.786,617.412
2005-11-30,1231.412,1590.651,1606.139,1181.544,302.432,225.689,667.994
2005-12-30,1257.775,1663.543,1680.127,1180.640,309.630,236.376,706.483
2006-01-31,1313.214,1768.044,1782.567,1211.664,324.658,252.664,783.771
2006-02-28,1309.451,1759.961,1776.416,1210.228,323.745,251.591,782.106
2006-03-31,1335.069,1808.869,1827.653,1224.079,329.791,257.882,787.802
2006-04-28,1373.384,1890.896,1910.153,1238.714,340.190,270.365,841.580
2006-05-31,1322.246,1810.366,1826.728,1199.466,325.738,256.450,750.996
2006-06-30,1319.934,1804.388,1822.879,1199.293,325.108,255.564,747.539
2006-07-31,1327.233,1820.014,1839.660,1202.076,327.037,257.860,755.836
2006-08-31,1358.872,1867.185,1885.492,1228.159,334.809,264.438,773.124
2006-09-29,1373.368,1862.597,1885.258,1257.932,338.276,264.115,778.161
2006-10-31,1422.926,1935.247,1957.645,1299.627,350.750,274.695,814.438
2006-11-30,1455.166,1989.163,2012.311,1322.190,360.043,284.096,874.080
2006-12-29,1483.578,2045.036,2074.476,1336.296,367.784,292.744,912.648
2007-01-31,1500.232,2056.609,2087.679,1359.127,371.202,293.621,901.477
2007-02-28,1490.440,2070.830,2102.258,1331.224,368.777,295.069,895.542
2007-03-30,1514.181,2116.008,2147.512,1343.991,375.295,302.175,928.903
2007-04-30,1577.860,2205.290,2235.404,1400.303,391.175,315.058,970.856
2007-05-31,1616.871,2243.518,2263.209,1446.191,401.515,321.826,1014.641
2007-06-29,1602.360,2242.060,2262.243,1420.267,399.782,323.880,1059.544
2007-07-31,1565.811,2209.640,2227.504,1374.905,393.339,322.586,1112.614
2007-08-31,1561.585,2172.445,2187.285,1392.879,391.489,316.809,1086.825
2007-09-28,1633.576,2291.978,2300.375,1443.577,411.918,337.152,1204.740
2007-10-31,1682.351,2389.569,2388.737,1466.404,427.629,355.602,1337.448
2007-11-30,1610.942,2292.321,2306.287,1401.262,408.099,339.047,1241.869
2007-12-31,1588.803,2247.967,2253.357,1390.914,403.246,333.921,1245.422
2008-01-31,1466.346,2044.092,2044.112,1304.909,369.931,301.341,1088.570
2008-02-29,1455.560,2077.853,2070.055,1261.497,370.407,309.509,1167.497
2008-03-31,1437.403,2039.001,2038.616,1254.780,363.981,301.545,1104.430
2008-04-30,1508.988,2143.182,2139.525,1315.438,383.295,318.563,1191.365
2008-05-30,1525.726,2161.756,2145.469,1333.647,387.744,321.756,1209.870
2008-06-30,1402.129,1990.710,1967.186,1222.792,355.398,294.840,1087.119
2008-07-31,1366.699,1918.442,1902.737,1207.120,345.746,283.827,1041.856
2008-08-29,1344.862,1839.809,1821.059,1221.056,337.611,269.889,956.253
2008-09-30,1182.443,1569.736,1553.149,1107.004,294.790,228.713,786.924
2008-10-31,957.245,1242.112,1238.813,916.078,236.111,178.168,570.521
2008-11-28,892.926,1171.218,1168.230,845.760,220.050,167.410,526.972
2008-12-31,920.226,1231.743,1237.420,854.353,227.683,176.749,567.042
2009-01-30,838.827,1115.839,1115.138,783.634,208.023,160.966,529.532
2009-02-27,750.863,999.879,997.647,700.713,187.168,145.567,499.304
2009-03-31,805.216,1061.261,1056.233,759.242,202.036,156.657,569.967
2009-04-30,893.025,1192.715,1185.840,830.830,225.241,177.251,662.730
2009-05-29,970.004,1335.224,1317.306,874.297,246.694,200.106,773.121
2009-06-30,964.048,1318.736,1307.161,874.740,244.905,197.510,761.295
2009-07-31,1044.753,1441.328,1425.404,939.390,266.142,216.521,844.024
2009-08-31,1085.599,1506.642,1498.969,969.811,275.096,224.005,839.460
2009-09-30,1126.985,1565.318,1552.843,1005.903,287.232,235.010,914.045
2009-10-30,1106.170,1539.338,1532.738,985.236,282.588,231.948,914.259
2009-11-30,1149.007,1573.659,1559.572,1041.337,293.667,238.128,953.128
2009-12-31,1168.468,1597.281,1580.767,1061.131,299.435,242.914,989.469
2010-01-29,1119.537,1521.729,1510.612,1022.882,286.327,230.924,933.590
2010-02-26,1133.348,1517.400,1497.341,1052.029,289.497,230.542,935.929
2010-03-31,1200.530,1608.794,1584.278,1113.356,307.404,245.419,1010.334
2010-04-30,1198.564,1580.341,1551.027,1130.033,307.348,242.593,1020.033
2010-05-31,1079.801,1397.828,1363.930,1036.599,277.173,215.888,926.404
2010-06-30,1041.323,1375.320,1348.113,979.885,268.247,212.760,917.985
2010-07-30,1124.826,1501.212,1474.911,1047.142,289.751,231.665,991.410
2010-08-31,1080.699,1453.045,1425.721,998.278,279.064,224.795,970.046
2010-09-30,1179.194,1588.119,1561.009,1087.338,305.164,246.521,1075.529
2010-10-29,1222.226,1643.519,1616.412,1128.871,315.947,254.724,1105.754
2010-11-30,1193.558,1570.528,1535.133,1127.500,308.381,244.454,1075.853
2010-12-31,1280.071,1695.576,1658.296,1200.996,330.636,263.361,1151.385
2011-01-31,1308.083,1730.912,1696.382,1228.569,335.581,265.754,1119.079
2011-02-28,1351.647,1791.900,1749.006,1267.030,344.823,272.330,1107.767
2011-03-31,1334.925,1749.016,1702.546,1266.630,343.640,270.765,1170.870
2011-04-29,1388.620,1837.775,1797.523,1303.974,356.902,283.055,1204.028
2011-05-31,1354.607,1772.492,1732.845,1287.009,347.896,273.370,1167.972
2011-06-30,1331.182,1744.037,1708.082,1263.125,341.817,268.815,1146.219
2011-07-29,1306.054,1714.032,1679.835,1237.126,335.896,264.813,1137.731
2011-08-31,1211.224,1564.715,1523.578,1165.710,310.618,241.440,1033.150
2011-09-30,1104.065,1402.614,1373.325,1080.155,280.639,213.878,880.434
2011-10-31,1217.296,1538.103,1504.999,1197.165,310.434,236.219,995.562
2011-11-30,1184.604,1462.498,1427.274,1190.522,300.447,223.586,928.325
2011-12-30,1182.595,1445.066,1412.554,1199.646,299.511,220.871,916.387
2012-01-31,1240.894,1521.751,1486.738,1254.697,316.655,235.648,1019.394
2012-02-29,1298.720,1601.262,1567.674,1306.743,331.927,248.342,1079.443
2012-03-30,1312.011,1582.660,1553.456,1346.479,333.297,244.025,1041.447
2012-04-30,1293.991,1549.291,1516.206,1336.754,328.673,239.247,1026.016
2012-05-31,1177.645,1363.978,1332.886,1251.287,297.985,210.799,906.296
2012-06-29,1235.716,1450.255,1423.375,1298.655,312.111,222.646,937.354
2012-07-31,1250.569,1467.193,1438.571,1314.625,316.024,225.484,952.488
2012-08-31,1279.208,1504.510,1472.507,1341.924,322.137,229.555,947.328
2012-09-28,1311.504,1544.968,1510.755,1373.925,331.578,237.416,1002.656
2012-10-31,1301.522,1554.518,1522.227,1347.362,329.067,238.119,995.326
2012-11-30,1315.493,1583.973,1555.730,1352.174,332.642,242.226,1007.022
2012-12-31,1338.500,1630.094,1604.005,1361.883,339.749,250.356,1055.196
2013-01-31,1405.466,1708.831,1687.331,1432.150,355.102,260.325,1069.010
2013-02-28,1405.180,1688.360,1667.801,1447.093,354.430,257.115,1054.616
2013-03-29,1434.515,1694.738,1674.304,1499.229,360.057,256.726,1034.904
2013-04-30,1476.139,1764.429,1753.613,1527.158,369.422,265.101,1039.452
2013-05-31,1471.933,1716.394,1702.248,1555.458,367.195,257.753,1008.878
2013-06-28,1433.548,1649.122,1638.941,1532.118,355.811,245.980,940.330
2013-07-31,1507.913,1735.944,1724.754,1610.618,372.490,256.496,947.553
2013-08-30,1472.738,1709.130,1697.343,1562.547,363.976,252.339,929.536
2013-09-30,1543.672,1825.328,1818.232,1611.751,382.070,269.191,987.458
2013-10-31,1602.860,1885.382,1878.393,1681.187,397.109,278.880,1034.420
2013-11-29,1628.424,1893.167,1888.914,1725.163,402.047,278.861,1018.284
2013-12-31,1661.069,1919.917,1915.603,1768.418,408.549,281.063,1002.693
2014-01-31,1598.456,1841.299,1837.639,1706.586,391.921,268.099,936.527
2014-02-28,1675.400,1938.004,1935.884,1782.460,410.129,281.064,966.421
2014-03-31,1673.874,1921.734,1915.692,1792.014,411.021,280.820,994.653
2014-04-30,1687.742,1945.638,1936.666,1800.716,414.094,283.627,995.283
2014-05-30,1715.184,1965.025,1956.612,1839.430,421.534,287.766,1027.693
2014-06-30,1743.415,1989.428,1972.120,1875.865,428.746,291.951,1050.778
2014-07-31,1714.353,1952.986,1932.656,1847.140,423.043,288.628,1065.775
2014-08-29,1748.688,1949.698,1924.620,1917.081,431.549,289.555,1087.880
2014-09-30,1698.408,1865.119,1846.083,1884.244,416.850,274.897,1005.326
2014-10-31,1708.092,1834.240,1818.345,1927.442,419.451,271.969,1016.072
2014-11-28,1739.497,1853.542,1839.728,1974.158,425.821,273.525,1004.715
2014-12-31,1709.672,1790.535,1774.888,1964.734,417.120,263.379,956.308
2015-01-30,1677.537,1783.035,1782.700,1907.318,410.328,262.831,961.605
2015-02-27,1772.862,1886.644,1886.261,2013.910,432.474,276.480,990.275
2015-03-31,1740.814,1847.267,1849.340,1981.620,424.758,271.007,974.572
2015-04-30,1778.400,1920.997,1918.397,1997.634,436.296,283.874,1047.781
2015-05-29,1779.307,1895.394,1898.984,2019.685,434.515,278.319,1004.218
2015-06-30,1735.613,1838.715,1842.457,1978.103,423.509,269.881,972.254
2015-07-31,1765.604,1866.642,1879.750,2015.308,426.781,268.791,901.676
2015-08-31,1645.430,1726.219,1736.808,1888.736,396.733,247.651,818.730
2015-09-30,1581.922,1634.945,1644.404,1835.496,381.651,235.571,792.049
2015-10-30,1705.803,1756.449,1771.658,1984.458,411.249,252.893,847.839
2015-11-30,1694.397,1725.476,1741.012,1986.563,407.197,247.299,814.297
2015-12-31,1662.794,1693.055,1716.275,1949.703,399.362,242.348,794.139
2016-01-29,1562.178,1575.601,1591.464,1843.877,375.017,225.743,742.371
2016-02-29,1547.174,1549.657,1558.167,1834.974,371.662,222.663,740.327
2016-03-31,1648.118,1647.687,1652.035,1957.216,398.255,239.856,836.803
2016-04-29,1670.796,1694.213,1693.181,1964.634,403.340,245.363,840.190
2016-05-31,1674.613,1665.792,1667.844,1995.556,402.574,240.080,807.454
2016-06-30,1653.229,1611.700,1608.454,1997.333,399.290,235.660,834.103
2016-07-29,1721.788,1689.938,1689.115,2070.684,416.088,247.029,873.471
2016-08-31,1719.524,1686.987,1685.571,2068.572,416.613,247.984,893.678
2016-09-30,1725.665,1702.978,1701.692,2067.660,418.434,250.420,903.460
2016-10-31,1690.922,1668.576,1665.721,2026.098,411.015,246.639,905.089
2016-11-30,1712.089,1638.985,1629.671,2093.611,413.430,240.574,862.832
2016-12-30,1751.219,1690.925,1684.002,2129.356,421.839,246.390,862.275
2017-01-31,1792.403,1740.545,1732.377,2171.188,433.128,255.024,909.228
2017-02-28,1838.699,1756.786,1753.089,2251.289,444.503,258.613,936.371
2017-03-31,1853.690,1793.338,1792.976,2250.906,448.866,264.157,958.369
2017-04-28,1878.276,1826.758,1833.698,2272.620,455.173,269.192,977.959
2017-05-31,1911.740,1877.475,1890.056,2297.763,463.794,276.680,1005.326
2017-06-30,1916.426,1875.647,1883.192,2308.818,465.088,276.831,1010.800
2017-07-31,1961.100,1930.658,1936.910,2353.080,477.583,286.633,1066.233
2017-08-31,1959.743,1925.046,1930.822,2355.077,478.406,287.399,1087.698
2017-09-29,2000.553,1970.061,1973.806,2399.928,486.879,292.075,1081.722
2017-10-31,2036.804,1995.508,2002.543,2452.155,496.625,297.369,1119.079
2017-11-30,2077.360,2012.304,2020.125,2520.547,505.442,299.370,1120.793
2017-12-29,2103.448,2046.467,2050.792,2544.580,513.026,305.670,1158.454
2018-01-31,2213.238,2140.969,2153.054,2687.942,541.673,322.572,1254.587
2018-02-28,2117.993,2035.271,2051.728,2583.866,518.079,306.813,1195.193
2018-03-30,2066.845,1991.389,2005.672,2516.933,505.808,300.294,1170.875
2018-04-30,2086.514,2029.637,2043.656,2524.279,509.694,304.166,1164.428
2018-05-31,2092.923,1980.356,1986.168,2579.758,508.769,295.770,1120.710
2018-06-29,2089.301,1955.227,1958.640,2593.865,505.198,289.519,1069.517
2018-07-31,2153.096,2002.271,2006.058,2683.955,519.818,295.957,1087.456
2018-08-31,2175.498,1959.320,1962.045,2766.766,522.881,289.056,1055.960
2018-09-28,2184.009,1969.332,1973.599,2775.550,524.253,289.616,1047.908
2018-10-31,2021.982,1811.273,1815.167,2579.960,484.571,265.836,955.924
2018-11-30,2041.359,1806.323,1809.564,2623.848,490.857,267.943,994.717
2018-12-31,1883.901,1710.883,1719.878,2383.552,455.662,255.407,965.776
2019-01-31,2028.492,1831.021,1831.095,2576.155,491.194,274.461,1049.927
2019-02-28,2085.845,1874.153,1873.719,2656.461,503.481,279.299,1050.951
2019-03-29,2107.742,1874.070,1875.432,2701.536,508.548,279.785,1058.127
2019-04-30,2178.674,1920.740,1921.494,2806.699,524.844,286.390,1079.235
2019-05-31,2046.246,1818.889,1817.393,2623.152,492.115,269.603,997.998
2019-06-28,2178.347,1923.861,1922.302,2803.317,523.442,285.111,1054.856
2019-07-31,2187.564,1899.671,1897.123,2843.244,524.350,281.199,1037.009
2019-08-30,2138.521,1847.804,1842.579,2787.599,510.877,271.799,984.334
2019-09-30,2180.018,1893.702,1889.358,2832.913,520.651,277.993,1000.996
2019-10-31,2233.526,1953.037,1955.480,2891.186,534.411,287.398,1041.981
2019-11-29,2292.259,1974.385,1974.471,2993.500,546.695,289.567,1040.045
2019-12-31,2358.468,2035.383,2036.941,3076.489,565.244,301.673,1114.660
2020-01-31,2342.414,1994.985,1993.715,3078.776,558.621,293.435,1062.343
2020-02-28,2141.124,1814.207,1809.714,2822.375,512.757,269.784,1005.516
2020-03-31,1852.727,1549.780,1559.594,2459.870,442.346,229.685,848.577
2020-04-30,2052.845,1655.075,1657.691,2780.191,489.169,246.692,924.937
2020-05-29,2147.882,1720.854,1725.094,2918.447,509.470,254.146,930.354
2020-06-30,2201.788,1776.441,1780.576,2980.733,524.908,265.000,995.098
2020-07-31,2304.982,1821.676,1820.210,3153.988,551.894,276.211,1078.919
2020-08-31,2455.512,1911.946,1909.990,3385.293,584.864,287.542,1101.499
2020-09-30,2367.270,1853.141,1855.321,3254.942,565.148,279.803,1081.996
2020-10-30,2292.925,1778.887,1780.085,3166.928,550.995,273.575,1103.458
2020-11-30,2583.143,2049.537,2053.829,3527.526,618.266,310.098,1205.068
2020-12-31,2690.044,2140.706,2147.525,3667.922,646.268,326.457,1291.264
2021-01-29,2661.691,2116.955,2124.045,3630.303,642.907,326.968,1329.566
2021-02-26,2726.910,2168.052,2168.867,3719.932,657.146,333.106,1339.259
2021-03-31,2811.699,2213.441,2208.318,3854.966,673.288,336.074,1316.425
2021-04-30,2938.764,2277.009,2268.512,4061.259,701.830,345.205,1347.612
2021-05-31,2975.701,2348.123,2333.995,4074.954,711.450,354.948,1376.208
2021-06-30,3017.222,2321.283,2304.917,4183.802,719.970,352.026,1374.637
2021-07-30,3069.249,2335.233,2321.088,4278.635,724.209,345.716,1277.805
2021-08-31,3141.351,2367.318,2356.418,4399.110,741.271,351.518,1308.670
2021-09-30,3006.604,2292.771,2281.289,4186.849,709.512,339.297,1253.097
2021-10-29,3174.725,2358.908,2335.529,4475.121,745.229,347.122,1264.754
2021-11-30,3101.796,2245.389,2223.704,4424.065,726.531,331.101,1212.418
2021-12-31,3231.727,2357.515,2336.068,4593.595,754.828,344.327,1232.008
2022-01-31,3059.047,2252.413,2222.450,4329.863,717.375,331.493,1208.232
2022-02-28,2977.954,2213.424,2179.099,4196.992,698.020,324.458,1171.310
2022-03-31,3053.070,2228.138,2181.631,4338.852,711.558,323.591,1141.787
2022-04-29,2795.615,2075.283,2033.700,3942.291,653.667,302.423,1076.190
2022-05-31,2791.013,2082.105,2037.872,3926.839,652.814,303.251,1077.666
2022-06-30,2546.185,1883.429,1846.284,3596.344,596.774,276.436,1000.668
2022-07-29,2746.365,1975.688,1937.260,3927.709,637.717,285.383,993.782
2022-08-31,2627.321,1878.578,1840.502,3767.449,613.107,275.399,994.114
2022-09-30,2378.645,1698.023,1661.482,3413.247,553.371,247.047,875.786
2022-10-31,2547.716,1790.448,1750.004,3680.535,586.374,254.273,848.163
2022-11-30,2720.889,1977.940,1944.027,3873.160,630.918,283.821,972.285
2022-12-30,2602.685,1966.336,1943.925,3640.193,605.382,281.305,956.378
2023-01-31,2784.995,2126.173,2100.435,3875.932,648.365,303.953,1031.497
2023-02-28,2714.571,2073.608,2053.690,3776.884,629.023,292.933,964.006
2023-03-31,2791.438,2108.256,2092.599,3904.804,646.762,298.679,990.284
2023-04-28,2835.928,2160.610,2143.846,3950.686,654.997,302.931,977.046
2023-05-31,2800.557,2055.807,2041.807,3969.210,646.375,290.654,958.527
2023-06-30,2966.724,2150.291,2131.725,4228.587,682.841,302.898,989.475
2023-07-31,3064.297,2218.205,2199.364,4370.098,707.109,314.691,1046.912
2023-08-31,2986.023,2126.585,2109.158,4288.811,686.150,299.708,980.325
2023-09-29,2853.235,2049.037,2031.260,4083.329,656.820,289.485,952.784
2023-10-31,2768.621,1961.285,1947.914,3985.592,636.655,277.365,915.196
2023-11-30,3023.630,2141.738,2124.909,4352.859,694.380,301.825,987.099
2023-12-29,3169.180,2256.808,2236.161,4552.007,726.996,316.619,1023.741
2024-01-31,3205.317,2265.285,2248.204,4618.899,730.838,313.314,975.799
2024-02-29,3337.204,2300.559,2285.973,4859.230,761.282,320.792,1020.940
2024-03-29,3437.760,2366.973,2349.415,5008.175,783.584,329.424,1043.201
2024-04-30,3305.296,2295.938,2280.531,4797.682,756.609,322.504,1045.948
2024-05-31,3445.172,2371.464,2355.674,5019.498,785.537,330.380,1048.962
2024-06-28,3511.782,2328.850,2314.632,5192.937,802.010,329.379,1086.250
2024-07-31,3571.575,2400.466,2381.439,5253.779,814.155,336.439,1084.769
2024-08-30,3661.241,2475.252,2453.442,5373.147,833.682,345.280,1099.923
2024-09-30,3723.032,2495.321,2468.659,5482.516,851.783,353.622,1170.853
2024-10-31,3647.137,2366.326,2332.940,5438.029,832.303,336.162,1119.522
2024-11-29,3810.141,2368.033,2315.771,5770.646,862.489,332.662,1078.570
2024-12-31,3707.837,2302.710,2261.808,5617.202,841.332,325.879,1075.475
